mouse_id,session_id,cluster_id,best_channel,n_spikes,si,ssi,p_value
7010,m1,0,0,71291,0.0123212351807805,17.32817501015269,0.0
7010,m1,2,3,34063,0.0158924430081053,14.442208516825874,0.0
7010,m1,3,2,85220,0.0060056781042839,4.659174191693817,0.0
7010,m1,6,6,945,0.5458548443895208,7.400952263830998,0.001
7010,m1,12,11,53099,0.0017931442718785,2.359712794840161,0.018
7010,m1,13,11,28973,0.025122134696715,2.3544190209640408,0.029
7010,m1,14,8,47547,0.0039780113890566,5.163018394454019,0.0
7010,m1,16,10,51762,0.0049178513460029,11.178116133111889,0.0
7010,m1,17,14,62745,0.0037235571768123,7.031212868288486,0.0
7010,m1,18,13,53658,0.0057570958215133,2.7581473907595613,0.01
7010,m1,19,13,114279,0.0053259470670936,19.14671342898115,0.0
7010,m1,20,14,55256,0.0110116880445766,7.62024829495089,0.0
7010,m1,23,19,136412,0.0052139326226287,14.391248528151944,0.002
7010,m1,24,16,119833,0.0019363818407408,5.102675113039662,0.001
7010,m1,25,17,71821,0.0046583207440207,5.249238206822636,0.004
7010,m1,26,19,76042,0.004500590035483,3.554188616731487,0.003
7010,m1,27,22,37774,0.0076197277281349,12.065930973596782,0.0
7010,m1,28,21,28337,0.0107505118423772,10.366049895772406,0.001
7010,m1,30,21,37689,0.0049145973243584,5.939982818750996,0.002
7010,m1,31,22,34589,0.0110770175419603,14.619272198822449,0.0
7010,m1,32,26,23487,0.0149914680255205,8.974248278697667,0.0
7010,m1,33,26,15541,0.0154402519354703,7.934608805831663,0.0
7010,m1,34,24,27996,0.0043137352368089,2.7934963780426654,0.007
7010,m1,37,29,58297,0.0122686605062915,15.236800096360229,0.0
7010,m1,38,28,68616,0.002105695947772,2.6156911709878297,0.008
7010,m1,40,30,62579,0.0023819843968527,2.9010026484285367,0.006
7010,m2,0,3,80920,0.0043387703496197,6.073600970826928,0.0
7010,m2,1,2,13777,0.0221650579339616,6.819977337055138,0.0
7010,m2,2,2,20150,0.0064680419922861,4.417040496151177,0.0
7010,m2,3,2,119066,0.0561846645715488,35.71906238431461,0.0
7010,m2,4,2,13470,0.0422975016445084,27.04911671072253,0.0
7010,m2,5,0,3632,0.2401790961619271,21.01206239573225,0.0
7010,m2,8,1,76393,0.0043747377570832,7.52971055241812,0.0
7010,m2,9,0,26185,0.0118109889744067,13.528240663545173,0.0
7010,m2,17,9,24550,0.0962956222283858,32.23466111317904,0.0
7010,m2,18,10,14653,0.0631249251018486,16.894804555253035,0.0
7010,m2,20,10,32213,0.0093571214622497,2.098349505207424,0.034
7010,m2,27,13,40130,0.0054161468827482,2.0198656884854542,0.038
7010,m2,28,12,82552,0.0687776998304436,49.41912101601734,0.0
7010,m2,29,14,66447,0.0049676261010583,7.226455663507502,0.0
7010,m2,31,15,45397,0.0215736333503374,4.905608265377744,0.0
7010,m2,32,14,60843,0.0074834351086405,14.783212338524404,0.0
7010,m2,33,16,44837,0.0079219430901889,6.931099126771443,0.001
7010,m2,34,16,99983,0.0028788160311482,3.251700063279125,0.006
7010,m2,35,19,109108,0.0035785624362957,11.379923612706488,0.001
7010,m2,36,17,67584,0.0039910070824643,5.569010950536661,0.001
7010,m2,37,19,111366,0.0014356776600496,2.271730297050244,0.02
7010,m2,38,17,66542,0.0034705224736872,2.620592598005106,0.014
7010,m2,39,20,3999,0.0744532484956147,17.68766201231466,0.0
7010,m2,40,22,30766,0.0101340882292676,10.484500537524209,0.0
7010,m2,41,21,31669,0.0099525641134635,7.917128268174628,0.0
7010,m2,44,22,35513,0.0081200563607254,11.34600690349619,0.0
7010,m2,45,21,28171,0.0133406883433652,8.410365041969252,0.002
7010,m2,46,24,23770,0.0193447906914044,9.3500654108397,0.0
7010,m2,48,26,34218,0.0231818616462173,14.47644856977059,0.0
7010,m2,49,24,54713,0.0177050773230342,18.98243830348125,0.0
7010,m2,50,29,59469,0.0044264336420119,6.75503717932343,0.0
7010,m2,51,29,71375,0.0034709601119565,5.883200371763694,0.0
7010,m2,52,31,13169,1.0565371382866702,13.747145318784936,0.0
7010,m2,53,29,12412,0.067499316919063,23.677102887503366,0.0
7010,m4,0,2,78967,0.0067311971464676,8.513650418495148,0.0
7010,m4,1,2,21231,0.0072908555415729,0.9970194975805132,0.149
7010,m4,2,2,111618,0.0032014085814336,2.196588822104662,0.032
7010,m4,3,3,116231,0.0273096923656473,24.147309281309084,0.001
7010,m4,7,9,78220,0.0033820429706502,3.6957517459177054,0.0
7010,m4,8,10,83436,0.0027267437465728,3.6111105029931903,0.002
7010,m4,9,10,53276,0.0050727286378178,4.682290292259001,0.0
7010,m4,11,13,166918,0.0028526872306167,0.9628349259715998,0.168
7010,m4,12,14,23258,0.0570355619299817,-0.2283314293826523,0.499
7010,m4,14,16,69790,0.0042129298488246,0.13967192446326,0.375
7010,m4,15,19,89371,0.0060151952309111,-0.0548900770073633,0.448
7010,m4,17,17,76514,0.0026761221425802,1.8000457006685855,0.053
7010,m4,18,18,60095,0.004795082211437,1.3856334794324328,0.102
7010,m4,23,26,83820,0.0224040393409358,11.795957691796522,0.0
7010,m4,24,24,35343,0.0113518196833892,5.911662883207943,0.0
7010,m4,26,29,71111,0.0034104584271731,-0.1642359415446651,0.51
7010,m4,27,29,60735,0.0040773626179844,0.8616182273723879,0.195
7010,m5,0,3,21654,0.0713722661330951,20.922356762958863,0.0
7010,m5,1,2,84299,0.005640170238142,11.664910117976293,0.0
7010,m5,2,0,33839,0.0091602348763276,15.278484114944089,0.0
7010,m5,3,1,92744,0.0034766526508476,6.683216594349724,0.0
7010,m5,4,3,139593,0.0222487302459174,24.551595952556784,0.0
7010,m5,6,5,88483,0.0032875506470021,6.834191090633241,0.0
7010,m5,12,9,21608,0.0241431212888274,12.06947875579457,0.001
7010,m5,14,8,96936,0.0029798224888102,4.6776026757782665,0.0
7010,m5,15,9,6739,0.0110975921477446,1.993629463002647,0.031
7010,m5,16,8,22093,0.0632871336872837,43.856692612003016,0.0
7010,m5,18,9,10270,0.6720967187150041,81.03168095299687,0.0
7010,m5,19,10,32496,0.0066779824794981,1.749569380836612,0.051
7010,m5,20,11,48371,0.0040490536882337,8.972433708470748,0.0
7010,m5,21,11,43565,0.0027844682872901,5.115281263044394,0.0
7010,m5,22,14,24256,0.0390118314952853,5.24562469731931,0.0
7010,m5,23,14,93054,0.0298708710726901,13.976400841050356,0.0
7010,m5,24,13,22283,0.0097138466559652,0.1503582870701002,0.456
7010,m5,28,14,31278,0.0128426462234147,3.2102054555309563,0.004
7010,m5,29,22,9455,0.0211694259949259,12.190432313915846,0.0
7010,m5,32,16,143259,0.002936567577591,0.7755748346896657,0.24
7010,m5,34,16,56887,0.0057648342784851,1.0487298856443197,0.147
7010,m5,35,19,59012,0.0055730961790369,7.530147381480903,0.0
7010,m5,36,22,47424,0.0151055755497096,21.635861847391936,0.0
7010,m5,37,22,66656,0.0060281608090633,10.160596082810184,0.002
7010,m5,39,26,14355,0.0680990589675107,16.851412961521724,0.002
7010,m5,44,30,57333,0.0027327763109555,2.4736066260857648,0.015
7010,m5,45,28,18828,0.0107255805938433,4.20725212661009,0.0
7010,m5,46,29,47775,0.0024430792625454,1.171918691313685,0.138
7010,m6,0,0,14627,0.2395683076522375,56.66282698653353,0.0
7010,m6,1,3,28818,0.0091638430580484,8.127052563659221,0.0
7010,m6,2,2,60900,0.005627998680003,8.219456602412286,0.0
7010,m6,3,3,114003,0.0024333682118828,7.93313809194797,0.0
7010,m6,4,2,105468,0.0040445447786329,6.818564305123035,0.0
7010,m6,5,1,116098,0.0025918595882235,-0.3236685069425466,0.575
7010,m6,6,0,39334,0.0229181189787349,33.48778549487967,0.0
7010,m6,10,5,94038,0.0041839189644563,12.25100369560096,0.001
7010,m6,11,9,5773,0.0131716178415484,2.5317132666586595,0.016
7010,m6,12,9,7816,0.8608462225001039,29.03696858376105,0.0
7010,m6,13,9,15278,0.0064415634304228,1.735394190845544,0.053
7010,m6,14,9,10046,0.0307542003281478,14.438140795457963,0.0
7010,m6,15,11,33273,0.0056472830102165,8.661765117898344,0.0
7010,m6,16,11,87415,0.0027753335041752,3.0458979000793995,0.011
7010,m6,17,10,109661,0.0022414259979622,4.519151935623291,0.001
7010,m6,18,8,186858,0.0017596027030684,7.1291331929368456,0.0
7010,m6,20,13,22733,0.0074918313026082,8.931283922880704,0.001
7010,m6,21,14,89745,0.0095407619148559,17.62215927622406,0.0
7010,m6,22,14,66309,0.0060423174763893,3.208079825373904,0.002
7010,m6,23,14,49779,0.0065264440204281,5.778723402606663,0.0
7010,m6,24,16,29179,0.0038084906296404,4.6197313026137214,0.001
7010,m6,26,19,83480,0.0037659089801468,3.3707718073480804,0.003
7010,m6,27,19,83990,0.004093314433302,1.6158683814877544,0.054
7010,m6,28,17,45573,0.0048451077247644,2.446724010095583,0.015
7010,m6,29,16,89382,0.0019545215370597,5.059803920239607,0.0
7010,m6,30,22,41540,0.0131643921161881,19.51530439897357,0.0
7010,m6,32,22,51270,0.0080993766963694,16.133639137348847,0.0
7010,m6,33,20,21233,0.0086686454256021,3.9779210390015,0.003
7010,m6,45,25,21902,0.0155763105038323,16.619204241451904,0.0
7010,m6,47,29,65564,0.0030104871786857,3.362160435888732,0.002
7010,m6,50,29,56468,0.003831102464151,4.499418825934178,0.0
7010,m7,0,1,6628,0.0091339120676788,-0.0494482171273773,0.477
7010,m7,1,3,8261,0.0358357656648376,3.587064998414541,0.001
7010,m7,2,1,25368,0.0103550654531633,9.587817812897908,0.0
7010,m7,3,0,37991,0.0178814524029533,32.75791700285466,0.0
7010,m7,4,2,52427,0.0047017715549681,3.988731312525496,0.003
7010,m7,7,3,56913,0.0048862684714366,4.681031316229588,0.002
7010,m7,8,1,52038,0.0045696832374446,6.8271771210982255,0.0
7010,m7,9,2,65759,0.0022189057250253,2.861975697371749,0.013
7010,m7,11,3,62472,0.006156235350197,5.803984211621097,0.002
7010,m7,12,6,27271,0.0088869128640796,13.715554347211103,0.0
7010,m7,13,6,8452,0.0170991566058296,8.905438803228712,0.001
7010,m7,15,5,85755,0.0040502215299448,9.659148098837315,0.0
7010,m7,16,7,32966,0.004388394925577,4.097967777543445,0.002
7010,m7,18,10,1544,0.051677185020505,4.705798804382605,0.001
7010,m7,19,11,20729,0.0084490430334829,0.3109902901376902,0.346
7010,m7,20,11,50595,0.008734392425335,8.570730962774674,0.001
7010,m7,21,11,27969,0.015630431593358,29.6831034426607,0.0
7010,m7,22,10,54451,0.0044917652370374,6.727052618427234,0.001
7010,m7,23,9,16009,0.3005768361264079,83.15683677744373,0.0
7010,m7,24,8,97599,0.0039666145674344,10.122252838307604,0.0
7010,m7,25,10,87516,0.0029287052346744,8.340126217725592,0.0
7010,m7,26,8,72808,0.0024145325504879,3.23744548326746,0.006
7010,m7,27,10,27843,0.0162443296780395,12.198611551728566,0.001
7010,m7,28,9,18024,0.0345715656660599,27.52978117912892,0.0
7010,m7,29,9,25173,0.0124057441946008,5.892435461664919,0.0
7010,m7,30,8,63754,0.002970665059451,2.598854806954182,0.012
7010,m7,31,14,86282,0.0090346972974962,15.94542313848403,0.0
7010,m7,32,13,69167,0.0124012863676322,24.462292267783305,0.0
7010,m7,33,14,59742,0.0147950814770721,8.102607068972524,0.0
7010,m7,35,16,52447,0.0057975110408099,9.2118340677245,0.0
7010,m7,36,16,124920,0.0018911281493515,3.426186503742612,0.007
7010,m7,37,19,85522,0.0036876271684271,4.136210205793209,0.0
7010,m7,38,19,22145,0.0040318658716076,3.791037862615745,0.001
7010,m7,39,18,25032,0.0059249776784921,5.979114821013279,0.0
7010,m7,40,19,80704,0.0027562447087626,8.710723975906733,0.0
7010,m7,41,22,54710,0.0058824268655446,9.145505397650734,0.003
7010,m7,42,20,17676,0.0174061047818825,10.262949811183448,0.003
7010,m7,44,22,53418,0.0103711866876999,14.860772276746228,0.0
7010,m7,46,24,30114,0.0113003667412412,13.68540583645942,0.0
7010,m7,52,29,59116,0.0044878585684966,8.862087898758244,0.0
7010,m7,56,29,59488,0.0041800538215191,9.23229118353153,0.001
7010,m8,0,1,62474,0.0047921550836471,10.170284393227805,0.0
7010,m8,1,0,57207,0.0106796295485839,22.05944524570436,0.001
7010,m8,2,2,101831,0.0046001660670918,13.202988832892707,0.0
7010,m8,3,3,37127,0.0092385677693398,8.745607656180884,0.001
7010,m8,4,2,18780,0.006697036111776,6.544006499380074,0.001
7010,m8,5,3,57600,0.0062606649392847,12.856578413612452,0.001
7010,m8,8,6,52208,0.0071857567078905,17.731144077955374,0.0
7010,m8,14,5,75446,0.0047668976514301,6.131392109948145,0.0
7010,m8,16,8,34452,0.0485029525060503,44.1519711992681,0.0
7010,m8,17,11,31714,0.0308385255369852,22.562951614821262,0.0
7010,m8,18,11,36364,0.0071271435547744,14.343577388850044,0.0
7010,m8,19,9,25379,0.1307112285197481,51.86099077808877,0.0
7010,m8,20,9,12370,0.0869602301229702,20.254461713862664,0.0
7010,m8,21,8,97037,0.0043569272816837,9.956333166753131,0.0
7010,m8,22,10,57264,0.012466062866121,20.19640186076024,0.0
7010,m8,23,11,25963,0.0473620417597436,44.93766280796093,0.0
7010,m8,24,10,72731,0.003962613051392,10.978481379189835,0.0
7010,m8,25,11,109993,0.0039034718041044,8.511382659752309,0.001
7010,m8,26,10,59867,0.0055138187323711,9.908993228650743,0.002
7010,m8,27,13,78786,0.0088653273179902,38.702803240544505,0.0
7010,m8,31,17,80182,0.0029472765308061,3.6470340029778,0.001
7010,m8,32,16,69910,0.0025212107578614,1.4322696264814094,0.093
7010,m8,33,18,63330,0.0033249012187762,6.624432213599368,0.0
7010,m8,34,16,67139,0.0043543657531223,6.302852834387289,0.0
7010,m8,35,22,73608,0.009387975071588,20.12109334008075,0.0
7010,m8,36,23,21630,0.0595674216191655,28.577401073741864,0.0
7010,m8,39,22,63542,0.0130443042895932,24.27069402839395,0.0
7010,m8,40,24,14560,0.0216586556489405,14.792252395437348,0.0
7010,m8,42,26,15250,0.036514995587968,19.990431707872403,0.0
7010,m8,43,24,24256,0.0193955360452062,22.422313055656108,0.0
7010,m8,46,29,60250,0.0025195515428393,4.469894011626008,0.0
7010,m8,47,30,13892,0.0054573235366336,0.9013137593881626,0.191
7010,m9,0,3,37075,0.009901570693961,10.36089851431149,0.0
7010,m9,1,1,13274,0.0099589918687306,5.924084321961769,0.0
7010,m9,2,1,54116,0.0054292477419829,4.475639069548885,0.0
7010,m9,3,0,16135,0.0094127243346859,8.872982238240873,0.0
7010,m9,4,2,14042,0.0146855727844441,14.93150567444043,0.0
7010,m9,5,0,110585,0.0027403114085359,10.882194818447052,0.0
7010,m9,6,3,87728,0.0053895201896305,8.302301259552806,0.001
7010,m9,7,6,29457,0.0136453079397622,6.328303023673313,0.0
7010,m9,8,6,3961,0.0272411938558265,8.03450666045731,0.0
7010,m9,9,5,145579,0.0016757564386194,7.319252898161201,0.0
7010,m9,12,5,3901,0.021608769401848,0.1989508305581814,0.4
7010,m9,13,7,42185,0.0052826482615698,6.722194985218002,0.0
7010,m9,16,9,29102,0.0235057451206771,20.252353919419143,0.0
7010,m9,17,9,26272,0.0303584563135099,16.33930575657073,0.0
7010,m9,18,10,65017,0.00529014894162,11.86762735321093,0.0
7010,m9,19,8,53317,0.150165159416571,50.84284825201863,0.0
7010,m9,21,11,115816,0.0070611320965227,33.570929167713174,0.0
7010,m9,23,10,33568,0.0134664849900748,6.18609963068964,0.0
7010,m9,24,8,94530,0.0059629604897795,14.51205935093192,0.0
7010,m9,29,14,8504,0.291553402667543,47.670100443527865,0.0
7010,m9,30,15,15100,0.0190814127470803,7.620749581720691,0.0
7010,m9,31,14,11601,0.0089351434408825,3.917211999503672,0.001
7010,m9,32,13,34023,0.0081638710263828,8.457576297676908,0.0
7010,m9,37,17,23450,0.0161523280859457,3.4420222604767177,0.001
7010,m9,38,19,72379,0.0038545432220803,11.997575576915292,0.001
7010,m9,39,16,86981,0.0013914077536184,2.08814138015892,0.029
7010,m9,40,20,23738,0.0353135455079389,18.4341221044902,0.001
7010,m9,41,22,57696,0.0151221268134937,22.329167886759144,0.0
7010,m9,42,23,24487,0.0369353463856384,23.90017666107349,0.0
7010,m9,43,22,9442,0.0565471525660844,21.27975686377995,0.0
7010,m9,49,31,45592,0.0044646239824562,7.993893264554769,0.0
7010,m9,50,31,40509,0.0052003110604782,7.990532643925445,0.0
7010,m10,0,1,17037,0.0060271131416053,3.9876445466669166,0.002
7010,m10,1,3,147437,0.0054820958356394,2.665261619953795,0.007
7010,m10,2,3,18891,0.0085823953514626,7.616193622855263,0.0
7010,m10,3,2,105940,0.004029665736008,5.261528348341399,0.001
7010,m10,4,1,72864,0.0069365207336497,2.3824238410625296,0.031
7010,m10,5,0,136029,0.0019351307390233,5.612721114416076,0.0
7010,m10,6,0,9540,0.0112080105751618,6.534599622285295,0.0
7010,m10,7,5,141251,0.0021398273002546,7.430635432406928,0.001
7010,m10,10,6,11581,0.014246349752021,5.138253209813759,0.001
7010,m10,12,9,30895,0.0361905816226566,19.721184656829628,0.0
7010,m10,14,10,67531,0.0034219473153503,6.190530527554491,0.0
7010,m10,15,8,74872,0.1245329286863046,27.171992869596828,0.001
7010,m10,16,9,4231,0.0500104520490965,12.177716161436624,0.0
7010,m10,17,9,6764,0.8445523007020844,51.3729045061968,0.0
7010,m10,18,9,33662,0.0354041689693829,29.80129622849481,0.0
7010,m10,19,10,7304,0.0150351814929189,5.721942376525449,0.0
7010,m10,22,11,68210,0.0049464411448994,7.238943572149307,0.0
7010,m10,23,8,94300,0.0073411348005977,18.241894501645543,0.0
7010,m10,25,14,66309,0.0072366695286183,16.690854294239056,0.001
7010,m10,26,13,63822,0.0831752727609244,28.017893675386592,0.0
7010,m10,31,16,61804,0.002295649171134,4.534987976327883,0.0
7010,m10,32,17,80870,0.0028680145813424,3.8615304296524746,0.001
7010,m10,33,19,52577,0.0057249323679538,4.004938763194597,0.0
7010,m10,35,19,61595,0.0017506668070555,2.8113963890740954,0.01
7010,m10,36,16,26931,0.0077151402831621,8.570523981785207,0.0
7010,m10,37,23,17962,0.0363642032142384,18.90211445770853,0.0
7010,m10,38,22,57771,0.0216587143969343,23.541814692972928,0.0
7010,m10,39,22,44456,0.0290719219108708,21.821380331943807,0.0
7010,m10,40,20,19411,0.0369835328767133,19.38258877732727,0.0
7010,m10,46,29,46777,0.0028937405257874,5.087503595710764,0.001
7010,m10,47,30,10326,0.0073376702770438,2.905230710521995,0.004
7010,m10,48,29,30920,0.00353794285603,5.1237943589517485,0.0
7010,m11,0,0,123678,0.0044049632529716,7.4481127666098175,0.0
7010,m11,1,1,45542,0.0042040420367536,2.860745030014718,0.018
7010,m11,2,2,178221,0.0030977524494489,9.615178929159928,0.0
7010,m11,3,1,38027,0.0088086973491878,22.312471236631392,0.0
7010,m11,4,0,19078,0.0110884785532907,11.741957629379645,0.0
7010,m11,5,2,18867,0.0207723004331395,0.7117505831282573,0.248
7010,m11,6,2,9460,0.0132484633648238,5.933342530096347,0.001
7010,m11,7,3,12960,0.0103263410962955,6.219712727323328,0.0
7010,m11,8,3,111776,0.0024539532838212,1.9455781031110413,0.051
7010,m11,10,5,14136,0.0075907192010087,4.964018073531338,0.0
7010,m11,11,5,104775,0.0028404808981008,10.362319009593158,0.0
7010,m11,15,6,16119,0.0135105209544451,6.921086978711972,0.0
7010,m11,17,7,68758,0.0055423725346935,11.473840263780406,0.0
7010,m11,18,9,34323,0.0509438212752687,38.14734530840528,0.0
7010,m11,19,9,13780,0.363398563986933,85.0790621729511,0.0
7010,m11,20,11,29422,0.0044220815175444,6.56718305298151,0.0
7010,m11,21,11,35511,0.0034223910621839,7.464474451886415,0.0
7010,m11,23,11,6948,0.0447647053554119,4.903184064384894,0.0
7010,m11,24,9,32039,0.0296744410716986,27.784688773655667,0.0
7010,m11,25,10,75121,0.0048403262046934,15.936072870295083,0.0
7010,m11,26,8,94226,0.0054536619209263,14.480564768074297,0.0
7010,m11,27,8,86255,0.182540326994377,71.34741428200124,0.0
7010,m11,28,12,45706,0.0423127619219037,32.82099633161199,0.0
7010,m11,29,14,5250,0.0301014246808455,9.7212174798486,0.0
7010,m11,32,16,54610,0.0016851903415686,1.176472070350151,0.13
7010,m11,33,18,62990,0.0027870550086026,3.414073583518432,0.007
7010,m11,34,17,61181,0.003082797274713,2.4032742485932355,0.025
7010,m11,35,16,113949,0.0014641682779873,2.536739239864135,0.015
7010,m11,36,17,32657,0.0063212546532974,7.89943205827316,0.0
7010,m11,37,19,72155,0.0021047649610727,4.389387594309427,0.0
7010,m11,40,22,69112,0.0314800407464068,35.38251240408728,0.0
7010,m11,41,22,59060,0.0301867010295476,19.172251854131524,0.001
7010,m11,50,24,12219,0.0280537455286603,18.687028462872146,0.0
7010,m11,55,29,35710,0.0044281594146918,6.140667712722927,0.0
7010,m11,56,31,40782,0.0077776243522641,11.980496488564407,0.0
7010,m11,57,29,29232,0.0051759925942631,4.816472238007864,0.0
7010,m11,58,31,49479,0.0059477380154066,9.743514915083926,0.0
7010,m12,1,0,22779,0.0075824318686815,4.20949639734128,0.0
7010,m12,2,1,82578,0.0031912025550989,-0.999914108635688,0.859
7010,m12,3,0,138310,0.0033931390535179,6.551127032326455,0.0
7010,m12,5,3,18539,0.0069089972479061,2.040575144786493,0.029
7010,m12,6,2,260360,0.006306731437892,0.2478342079959921,0.302
7010,m12,7,1,19634,0.0082999596516134,6.955200859473417,0.0
7010,m12,8,5,55167,0.0088231030316863,11.1257672555431,0.0
7010,m12,10,6,6573,0.0227056564424364,2.957362818222546,0.006
7010,m12,11,6,35176,0.0094138600231557,5.73185854049223,0.0
7010,m12,13,7,86288,0.009544404837084,11.10094251462438,0.0
7010,m12,15,10,81660,0.0050154199771561,7.733443149488237,0.0
7010,m12,16,11,91295,0.0066169097087956,3.646184691205862,0.0
7010,m12,17,10,54606,0.0072806122343322,6.663243481507337,0.001
7010,m12,18,8,121331,0.1016033930328275,57.48979711581299,0.0
7010,m12,19,11,35904,0.0494473339943593,27.14312858465507,0.0
7010,m12,20,9,10305,0.5514576761407267,77.97949891537122,0.0
7010,m12,21,11,15746,0.1190271715430704,3.4055021947554827,0.0
7010,m12,22,9,108094,0.0063796935596117,12.32808203508513,0.0
7010,m12,23,13,45126,0.0442975755225049,36.9129784103976,0.0
7010,m12,26,16,112708,0.0013232741692702,3.320733761774349,0.006
7010,m12,27,16,46851,0.0029982809423687,5.042677939188357,0.0
7010,m12,28,19,71626,0.0025056984358324,2.075398881326635,0.044
7010,m12,29,17,78782,0.002385287913251,2.1711828603212497,0.023
7010,m12,30,17,41468,0.0044044038041098,4.976738307676827,0.0
7010,m12,31,18,81159,0.0019587882767166,2.4568424402934634,0.021
7010,m12,32,22,80175,0.0307826996115743,21.07659672665089,0.0
7010,m12,34,22,60608,0.0232100406905654,16.385105686515786,0.001
7010,m12,35,23,14921,0.0227832784071247,11.599306572045684,0.001
7010,m12,38,26,8740,0.013269580376188,4.329147450786213,0.0
7010,m12,41,29,46342,0.00235172343105,2.0937771236120835,0.025
7010,m12,42,29,89937,0.0022131340481594,4.358212345535056,0.0
7010,m13,1,1,24329,0.0075007422748744,3.3890203738598643,0.001
7010,m13,3,0,12255,0.0084620036218609,4.784959176853758,0.0
7010,m13,4,3,95162,0.0038761867499652,10.112025870300656,0.0
7010,m13,5,0,120794,0.003337856788316,12.445913655698874,0.001
7010,m13,6,1,5140,0.0132395780418738,0.1468436500690878,0.407
7010,m13,7,2,202425,0.0058858672220585,16.252402958506124,0.001
7010,m13,11,4,24816,0.0369925552357977,10.438177011939676,0.002
7010,m13,13,5,25051,0.0050895145891744,2.345216781678745,0.02
7010,m13,14,6,3619,0.0156958188773053,1.4868752078844256,0.078
7010,m13,17,7,78806,0.00345426124434,2.2620423213104943,0.023
7010,m13,18,8,7410,0.0717969023658468,21.885984926770234,0.0
7010,m13,19,8,29078,0.0073905124649927,6.974375285519587,0.0
7010,m13,20,10,49483,0.0087716825769929,10.00975827973415,0.0
7010,m13,21,9,26808,0.006915465870216,5.202181059894731,0.0
7010,m13,22,9,8573,0.769455900980375,39.09751364836538,0.0
7010,m13,23,8,13643,0.0099608725858491,5.602290046428806,0.0
7010,m13,24,11,8059,0.0208328615937913,8.449941063878054,0.0
7010,m13,25,11,45137,0.010167738245354,15.253922822922314,0.0
7010,m13,26,8,99631,0.0031726066769295,7.913527576967431,0.0
7010,m13,27,10,69908,0.0042674587076437,10.749476289559524,0.0
7010,m13,30,12,119245,0.0256156117008662,43.23321999344697,0.0
7010,m13,31,19,45969,0.0030267030249691,0.8202461621004651,0.194
7010,m13,32,16,41913,0.0026520728116569,2.08934887152823,0.032
7010,m13,33,17,42488,0.0026723458981355,2.15691329618185,0.024
7010,m13,34,16,140581,0.0012903691331223,2.210076986794942,0.026
7010,m13,35,19,94875,0.0020458893296624,5.297144976615252,0.0
7010,m13,36,22,39631,0.0146025042785703,16.372077857750718,0.001
7010,m13,39,24,13718,0.0046815336798655,1.233259271760258,0.111
7010,m13,44,30,34446,0.0037507235992213,3.4840977330927894,0.002
7010,m13,46,29,23651,0.0032429088124251,2.045027884368021,0.029
7010,m13,47,29,28063,0.0036427207093627,2.519359587064513,0.013
7010,m14,0,1,15980,0.210777640749669,52.5944085263054,0.0
7010,m14,1,3,32957,0.2097173280128109,59.35903386881254,0.0
7010,m14,2,3,29890,0.1458577825281909,31.057579815869527,0.0
7010,m14,4,5,14845,0.0153947019938275,1.8563512618801616,0.043
7010,m14,5,6,14112,0.0258864823138304,5.850086120428661,0.0
7010,m14,6,6,19591,0.0539178202356797,18.687536779991817,0.0
7010,m14,7,4,13119,0.0506024127392972,12.6928225663274,0.0
7010,m14,8,7,14386,0.0211051755662583,3.278669097756948,0.008
7010,m14,9,4,14063,0.0252668710270396,4.520028553510057,0.0
7010,m14,11,10,16404,0.009393798585529,9.722347721659151,0.0
7010,m14,12,8,115651,0.0021071666273779,2.59122857789167,0.017
7010,m14,13,8,4073,0.0160477974311625,2.018443968738669,0.032
7010,m14,15,10,19202,0.0204281636417199,16.305855323904296,0.0
7010,m14,20,13,179304,0.0038671956842614,8.096686999524092,0.0
7010,m14,21,15,172834,0.0028573333708765,6.781581081883093,0.001
7010,m14,22,14,204824,0.0027109239361573,3.4228590113144284,0.01
7010,m14,23,12,168125,0.0018108649135216,2.476393432752406,0.019
7010,m14,40,16,21884,0.1413560848396343,21.18845321958613,0.0
7010,m14,41,16,30293,0.1647318976197652,18.69407692588677,0.0
7010,m14,44,22,22830,0.1692715675598928,25.98194298756816,0.0
7010,m14,45,23,7920,0.0399285261228906,8.937568459716516,0.0
7010,m14,51,31,32511,0.0744884024385748,19.919503543401785,0.0
7010,m14,52,28,30106,0.0816629729846884,21.701105249435816,0.0
7010,m14,53,28,32310,0.0797611731793898,17.828145674390054,0.0
7010,m14,54,31,34068,0.0850926353786274,17.2099787379533,0.0
7010,m15,0,1,160351,0.0039024548817844,2.7632468522440545,0.016
7010,m15,1,2,143451,0.00330144675614,10.846936088036514,0.0
7010,m15,2,3,11300,0.1856230409486818,-0.4845943410745078,0.675
7010,m15,3,3,88970,0.0158131480104046,0.6929495733655562,0.188
7010,m15,4,0,93306,0.0023891273064088,0.2094721525106338,0.349
7010,m15,5,1,3188,0.0170056817340412,1.0138074871626004,0.157
7010,m15,6,3,13762,0.0128732447541319,2.172215865086557,0.027
7010,m15,7,0,19523,0.0079654593985631,1.149767027063143,0.119
7010,m15,8,1,94659,0.0056615825839965,4.6836594564433165,0.0
7010,m15,9,6,40340,0.0344632902815117,21.72798872512137,0.0
7010,m15,10,5,62348,0.0262881839998011,45.15052439205553,0.0
7010,m15,11,7,7235,0.0192993093240423,1.758485269870444,0.062
7010,m15,12,6,8780,0.0173233302094408,8.405865347428762,0.0
7010,m15,13,5,23994,0.0647177700745903,22.54629658723057,0.0
7010,m15,16,7,97235,0.0044696432093097,1.8450938736602287,0.058
7010,m15,17,7,47737,0.0141182082069962,12.711828942823413,0.0
7010,m15,18,11,58339,0.0074196763895821,7.822968911903336,0.0
7010,m15,19,9,69089,0.0066872322826716,1.5393077104066617,0.075
7010,m15,20,8,44531,0.0067348645758472,8.716295321770657,0.0
7010,m15,21,8,22386,0.124975014204466,16.2667337019855,0.0
7010,m15,22,11,99164,0.0049227560976889,7.479337918924278,0.0
7010,m15,23,8,33024,0.0059635790502642,2.8009034784067373,0.008
7010,m15,24,10,31075,0.0093324224566998,0.0250913062731123,0.392
7010,m15,25,10,27172,0.0314886145593105,16.60615745365147,0.0
7010,m15,26,9,110088,0.0048323531819316,16.157861374329503,0.0
7010,m15,28,8,79984,0.0027014472532362,2.685189049801912,0.016
7010,m15,31,14,67700,0.057252889253131,31.19775611948521,0.0
7010,m15,32,12,70860,0.1022256705150708,74.04053832318223,0.0
7010,m15,33,13,2996,0.1012245488032884,19.413414544717625,0.0
7010,m15,34,15,14681,0.0191251721597384,2.756178747677368,0.012
7010,m15,36,13,106906,0.0287829116227594,26.38652473940772,0.0
7010,m15,38,18,51273,0.0043561706346265,2.300135416288298,0.014
7010,m15,39,17,52568,0.0025160350543747,1.2822625168866577,0.101
7010,m15,40,19,91632,0.0024932458849475,4.07326673974111,0.0
7010,m15,41,17,66519,0.0022079289339571,0.9986705615270668,0.163
7010,m15,42,16,67078,0.0019145235579942,3.7971248259714536,0.002
7010,m15,43,16,80663,0.0020519784189497,3.23790960372535,0.002
7010,m15,44,20,17183,0.0175922598600554,12.7885952086069,0.001
7010,m15,45,22,52452,0.0102560315974676,13.882938756350894,0.001
7010,m15,46,22,59792,0.0110892285082735,16.246799288832836,0.0
7010,m15,51,29,66139,0.0043679007103601,5.173077147120147,0.0
7010,m15,52,30,30214,0.0055939901860342,4.825640340960532,0.0
7010,m16,0,3,112112,0.0062966448069028,9.056165969566129,0.0
7010,m16,1,1,125470,0.0051997583580826,3.733938147274353,0.001
7010,m16,2,0,245271,0.0011786999892486,2.864111354697575,0.019
7010,m16,4,1,7244,0.0106056219173909,2.713685831914763,0.01
7010,m16,6,2,149456,0.0038873896680001,2.681004650411576,0.008
7010,m16,8,6,25689,0.0142015102480337,15.287298192586782,0.001
7010,m16,9,7,105021,0.0051315380452583,14.44809146466595,0.0
7010,m16,10,4,2209,0.4054227754999788,21.114651467503137,0.001
7010,m16,11,4,69029,0.0056431846953327,5.526809051765618,0.002
7010,m16,12,5,6498,0.0333677051762221,12.506764741526467,0.0
7010,m16,13,4,11472,0.0155685382643717,9.890953725582158,0.0
7010,m16,14,7,60566,0.0073333011759055,12.485132245152087,0.0
7010,m16,15,6,84617,0.0091173235231891,21.524370393297705,0.0
7010,m16,17,10,90108,0.0110169482317742,4.38413109794989,0.0
7010,m16,18,10,31888,0.0060473772605234,4.12261961601554,0.0
7010,m16,19,9,97288,0.0053761591241774,16.208667336352374,0.0
7010,m16,20,11,17572,0.0238956291333603,4.7262568585940095,0.0
7010,m16,21,11,60566,0.0104221548294886,7.43884879371552,0.0
7010,m16,22,8,75596,0.0039897023021253,9.25703249230677,0.0
7010,m16,24,12,72740,0.0778731062917614,87.5092771574133,0.0
7010,m16,25,13,5550,0.0529234362482157,21.592117909560034,0.0
7010,m16,28,14,80412,0.0567240793018938,27.616758504392124,0.0
7010,m16,30,13,84691,0.0347395781623137,51.92457521037564,0.0
7010,m16,31,19,71602,0.0039324763476633,8.649749185881841,0.0
7010,m16,32,17,72733,0.0048257144499339,1.672664004536575,0.055
7010,m16,33,16,108560,0.0031695601639142,1.3431097887795715,0.097
7010,m16,34,16,49859,0.0035572301276382,0.5318189636454553,0.313
7010,m16,35,18,96050,0.0019432452911524,3.464105397849805,0.003
7010,m16,36,17,48938,0.0112100634452887,4.027529850285219,0.0
7010,m16,37,22,84298,0.026255279919746,6.61762887089952,0.001
7010,m16,38,23,19117,0.0249464889056073,11.563967694311684,0.001
7010,m16,40,20,16013,0.017750495065272,10.858059888650898,0.0
7010,m16,41,22,48906,0.0292165680853911,7.183371491699182,0.001
7010,m16,42,20,18904,0.0164690775849562,9.49793827804781,0.001
7010,m16,47,26,11778,0.0247706807219423,6.19602224239946,0.0
7010,m16,56,29,36054,0.0077653096687107,1.4166935651159194,0.101
7010,m16,61,29,43593,0.0118042105320247,3.266939814376962,0.0
7010,m17,0,1,4200,0.0197971164730574,4.809922870474662,0.0
7010,m17,1,3,35264,0.0203693707892323,23.283190937981,0.0
7010,m17,2,3,29375,0.0231644244173348,27.90376223108076,0.0
7010,m17,3,1,55793,0.0089327611667798,2.602511548087199,0.019
7010,m17,5,3,70408,0.0114709642224722,15.72456547826346,0.0
7010,m17,6,2,36030,0.0107551842558455,13.940612016393157,0.0
7010,m17,8,0,265133,0.0011762982403571,3.322566854717109,0.001
7010,m17,9,1,65067,0.0094835174612062,7.655173785977246,0.0
7010,m17,10,5,31215,0.0463912206796787,38.33177658960065,0.0
7010,m17,12,4,16638,0.0521622537687129,32.60715481740755,0.0
7010,m17,13,7,20576,0.0104956339724843,5.992056633845487,0.0
7010,m17,14,6,116122,0.0136966416498849,19.252377558403275,0.0
7010,m17,15,5,17328,0.0535566108611118,27.32766837784509,0.0
7010,m17,16,7,261720,0.0044605948332079,19.19364463356755,0.0
7010,m17,19,4,52541,0.0130239755824405,21.050322515917976,0.0
7010,m17,21,8,47391,0.0887722275326152,55.80137687737541,0.0
7010,m17,22,8,50925,0.1808210800495336,79.37712191258385,0.0
7010,m17,23,11,60228,0.0209316320931143,41.95517504709985,0.0
7010,m17,25,8,43910,0.0125730135577137,-1.0337132344224476,0.865
7010,m17,26,11,111152,0.0107557511811203,23.998608677942123,0.0
7010,m17,27,12,53523,0.0219117120614206,25.91055341038217,0.0
7010,m17,28,12,10264,0.1310690341174527,51.89948174200501,0.0
7010,m17,29,15,15318,0.0206608208607391,18.552485553069022,0.0
7010,m17,30,12,64033,0.1389235235436624,77.96360890730664,0.0
7010,m17,31,14,13266,0.0863575774438455,36.349775277799736,0.0
7010,m17,32,13,74972,0.0474519540530221,24.415767357677268,0.0
7010,m17,33,14,47419,0.0619132067077406,51.98942601748212,0.0
7010,m17,34,17,65666,0.0039568284699814,0.984638994927956,0.153
7010,m17,35,16,29846,0.0055000914559949,3.1574204530676924,0.006
7010,m17,36,16,94205,0.0015848770848904,-0.1736110524398045,0.493
7010,m17,37,17,30467,0.0073679512742211,1.6914291291233652,0.065
7010,m17,38,19,78507,0.0023209293199336,4.669912716281377,0.0
7010,m17,39,18,91893,0.0023546571349732,2.6792113824008403,0.006
7010,m17,40,23,54655,0.0145094163288533,13.1664860389373,0.001
7010,m17,42,22,55091,0.0151964011724184,20.13136462573254,0.0
7010,m17,53,26,15015,0.0136544099136506,8.825631151198383,0.002
7010,m17,55,30,30218,0.00517125915213,4.613651886113583,0.001
7010,m17,56,29,40102,0.0041990246554972,3.0598981982929123,0.001
7010,m17,57,29,9314,0.0104245560593162,2.872204756467025,0.006
7010,m17,59,29,70175,0.0040075116260268,3.7481126290396336,0.0
7010,m18,0,1,87796,0.0061127416203062,6.37394414975619,0.0
7010,m18,1,3,62903,0.0087029658265277,7.697764545087068,0.0
7010,m18,2,3,110924,0.0049600575663114,14.570487920836944,0.0
7010,m18,3,0,227261,0.0019997442326881,8.746458065125017,0.0
7010,m18,4,3,21578,0.0264586430387819,13.332455481394865,0.0
7010,m18,8,6,92812,0.0153464239846454,17.597518026991416,0.0
7010,m18,9,7,30276,0.0094191819556002,9.52935542629128,0.0
7010,m18,11,7,238721,0.0030190404995643,13.119998690793748,0.0
7010,m18,14,4,19741,0.3413242900667241,33.82296123164015,0.0
7010,m18,15,4,14906,0.0341663255761039,12.281224423594995,0.0
7010,m18,17,11,14802,0.1331845733370058,43.700767467425095,0.0
7010,m18,18,9,35311,0.0119022327896267,7.949229240052815,0.0
7010,m18,19,8,73497,0.171900650626005,40.79687976238704,0.0
7010,m18,20,8,3181,0.0292140306933317,1.1345034439967132,0.136
7010,m18,23,9,16448,0.0093418277120825,6.329627371264378,0.0
7010,m18,25,8,14051,0.053156452356811,12.907940327280158,0.001
7010,m18,26,13,17125,0.1074370872220149,25.68784257053832,0.0
7010,m18,27,13,4467,0.7001018102856721,28.996911705453385,0.0
7010,m18,28,15,16619,0.0166579074660907,5.946127069802463,0.0
7010,m18,29,14,36602,0.0785814022054623,37.81352744919519,0.0
7010,m18,30,14,59622,0.0519353872457501,27.657874142563514,0.0
7010,m18,31,12,53546,0.0859493077499089,27.06814977319697,0.001
7010,m18,34,13,62309,0.0161159535092529,28.26378515939006,0.0
7010,m18,35,19,59357,0.0022733434263502,0.8255953685753215,0.193
7010,m18,36,18,106475,0.0018900706815887,6.008729869633506,0.0
7010,m18,37,16,73408,0.0054474557945971,3.5115479547322104,0.005
7010,m18,38,16,184998,0.0031345801940379,3.4393091705725616,0.001
7010,m18,39,18,7048,0.0064762222493565,-0.3473522306168405,0.618
7010,m18,41,21,20319,0.0351640590937001,5.771561869367901,0.0
7010,m18,42,22,57653,0.0099296685356167,8.202604044704405,0.001
7010,m18,46,26,6817,0.0125650397842879,2.014080277720927,0.031
7010,m18,53,29,13022,0.0102889636478227,1.932895892060377,0.041
7010,m18,55,29,13506,0.0100998790945466,1.8307028631906488,0.035
7010,m19,0,0,255662,0.0033121784309201,7.306606717005682,0.0
7010,m19,1,1,9881,0.0181147366587767,8.425085818496377,0.0
7010,m19,2,0,16145,0.008797917837027,7.917500721150077,0.0
7010,m19,3,0,7887,0.3824422008452096,34.33632397216381,0.0
7010,m19,4,3,118146,0.0049949787147362,17.89146795992058,0.0
7010,m19,5,2,37666,0.0066886847118949,11.308454485001942,0.0
7010,m19,6,3,42080,0.1367103622278878,18.456181547080742,0.001
7010,m19,7,3,19441,0.0454010987640764,4.285306920703501,0.0
7010,m19,8,1,136452,0.0113099385149878,4.531018458228038,0.001
7010,m19,9,5,6357,0.0208675372337823,5.734993330664742,0.0
7010,m19,10,6,11849,0.0898152660909732,23.708081895658488,0.0
7010,m19,11,4,10841,0.04328055411669,15.581085795060044,0.0
7010,m19,12,6,21534,0.0232264140606789,7.768385461984423,0.001
7010,m19,13,7,44060,0.0501032363427149,29.398688054589115,0.0
7010,m19,14,7,83396,0.012296003630711,11.92197985675462,0.0
7010,m19,15,7,32774,0.0098811449846633,16.444048479569414,0.0
7010,m19,16,5,2335,0.0244382747135071,1.5247051341798434,0.066
7010,m19,17,4,30744,0.1145884724707515,49.97242909050586,0.0
7010,m19,18,9,4653,0.0374426711765589,8.13265724228563,0.0
7010,m19,20,11,85888,0.0885104461594614,91.12510146078668,0.0
7010,m19,21,9,13294,0.0144392287005904,4.007427598895087,0.002
7010,m19,22,10,19868,0.0296418245786134,14.350669746364476,0.001
7010,m19,25,10,22991,0.0387888326315429,18.39546825976789,0.0
7010,m19,26,9,9900,0.0372053421737355,3.970404017124706,0.0
7010,m19,27,8,37606,0.1142639953348503,35.97810314435724,0.0
7010,m19,28,14,11378,0.0273559095609468,1.9617896328594,0.058
7010,m19,29,12,4130,0.4512178557567585,10.544715171436254,0.0
7010,m19,30,13,66877,0.04379867336446,27.77100697541199,0.0
7010,m19,31,14,43434,0.1179501915784807,37.91365056621173,0.0
7010,m19,32,15,12781,0.0219344405972327,9.639815400305316,0.0
7010,m19,33,12,8521,0.0328117417908692,19.423611739463205,0.0
7010,m19,34,13,63751,0.0296494677268109,39.15471614780448,0.0
7010,m19,35,16,97796,0.0069517844940844,5.396160982483414,0.002
7010,m19,36,17,66789,0.0079041586319618,11.780539095574875,0.0
7010,m19,37,19,95874,0.0059341406648439,6.524270663580408,0.0
7010,m19,38,16,52397,0.0092629582324817,4.916561414774627,0.0
7010,m19,39,17,46531,0.0054144378915039,7.189394728587858,0.0
7010,m19,40,19,84418,0.0023245771101996,3.536493050017713,0.007
7010,m19,41,22,45491,0.0237090351784787,14.113051123762135,0.001
7010,m19,42,21,22346,0.0131126498710394,13.109236167176126,0.0
7010,m19,43,22,52068,0.0264352532038733,12.17692248376814,0.0
7010,m19,49,27,6007,0.0158489630441372,5.280179652058719,0.0
7010,m19,51,30,34491,0.0105546067620189,4.163040394104857,0.001
7010,m19,52,30,39066,0.011223553558498,4.153580571488208,0.002
7010,m20,0,1,186450,0.0084159122403578,12.721535126770313,0.0
7010,m20,1,2,41004,0.0210174441135044,19.44181865258198,0.0
7010,m20,2,0,201123,0.005298483040201,5.971355529734407,0.0
7010,m20,5,3,164645,0.0420163605834481,19.70728459496232,0.001
7010,m20,6,6,22835,0.0419440908416873,25.39537608344348,0.0
7010,m20,7,7,43647,0.0880214105775451,72.22313685333623,0.0
7010,m20,8,7,23265,0.0171751164748927,16.349980441851955,0.0
7010,m20,9,6,47835,0.0554781914595636,27.095788388061543,0.0
7010,m20,10,5,15697,0.0674225772361061,22.33105584210004,0.0
7010,m20,13,7,87653,0.0190166028477083,28.149895185144025,0.0
7010,m20,16,11,8075,0.0313835037886104,14.90615130621577,0.0
7010,m20,17,10,26683,0.0309317686270211,23.78017935203956,0.0
7010,m20,18,10,15110,0.0569945603118689,25.02884779232661,0.0
7010,m20,19,9,14092,0.164032548249145,8.626442778477541,0.0
7010,m20,20,11,97500,0.0496598520208838,46.62297811868462,0.0
7010,m20,21,13,84371,0.0381674468201412,60.405477700010245,0.0
7010,m20,22,13,8447,0.0747910984165099,29.804729484162063,0.0
7010,m20,23,14,18755,0.0737360710829115,56.37176000422502,0.0
7010,m20,24,13,33290,0.0401603854856108,21.637940252325272,0.001
7010,m20,26,16,90626,0.0020750032939766,2.482360200130916,0.036
7010,m20,28,16,52812,0.0029231906445478,3.2001144308328,0.007
7010,m20,29,17,48841,0.0037296043961988,2.7124046327230227,0.008
7010,m20,30,17,59744,0.0042852015393641,1.9998190458209064,0.059
7010,m20,31,18,98833,0.0054739227919806,4.54659886530573,0.0
7010,m20,32,19,80166,0.0041120767309597,6.166085222357156,0.0
7010,m20,33,22,43450,0.0068095949249454,1.3169262474376304,0.11
7010,m20,34,22,33851,0.0049984006976717,1.2536447322732371,0.118
7010,m20,35,23,5600,0.0095512145221488,0.3134388772797153,0.351
7010,m20,36,23,2638,0.5682278948720724,3.038941951735702,0.024
7010,m20,37,23,8988,0.0080842237986551,1.7239802063596077,0.047
7010,m20,38,23,9314,0.0058374994590458,0.1548131244709651,0.42
7010,m20,39,23,3062,0.5318758492113764,2.657102858758136,0.034
7010,m20,42,26,12619,0.0593348365328956,3.930183626616752,0.001
7010,m20,54,24,16846,0.0608894652339511,4.526097250115227,0.0
7010,m20,59,24,15535,0.144219959593449,4.253973644830221,0.0
7010,m20,61,29,44874,0.0076708555654073,2.8001158470977088,0.012
7010,m20,63,29,49605,0.0083541109508704,2.5409755083441974,0.028
7011,m2,0,1,62316,0.0071224958238717,6.8852388317327655,0.001
7011,m2,2,0,27759,0.0236965920857837,11.271314223278154,0.0
7011,m2,5,0,14172,0.0763231199984546,15.732647085565713,0.0
7011,m2,6,2,23238,0.1571444105585755,44.54932420206649,0.0
7011,m2,10,5,45345,0.018569547633581,27.525467801645306,0.0
7011,m2,13,5,57751,0.0136663024008059,16.37656642223437,0.0
7011,m2,15,5,67266,0.0160578503950035,42.41306328861325,0.0
7011,m2,16,9,36280,0.0076331726100299,8.660421070021378,0.0
7011,m2,17,10,30353,0.0148873941545183,20.322934462687392,0.0
7011,m2,20,11,9663,0.1412784376907658,33.783657242404026,0.0
7011,m2,22,11,24661,0.1250115861916916,74.90053360350612,0.0
7011,m2,25,11,3659,0.261778801383516,17.101187713380575,0.0
7011,m2,27,14,28213,0.0650856031369627,15.506088240702244,0.001
7011,m2,28,12,52288,0.0406785456678259,6.129091276990456,0.0
7011,m2,29,15,27013,0.0682697849518414,25.38264540018189,0.0
7011,m2,30,14,41434,0.0671599050595266,17.305408243115586,0.001
7011,m2,31,13,25520,0.026701152182096,22.51896605291983,0.0
7011,m3,0,1,23623,0.0591404178592349,32.71850406382619,0.0
7011,m3,1,0,20685,0.0752671465034626,32.86880683764947,0.0
7011,m3,2,0,18186,0.0297849639163873,18.51853483230649,0.0
7011,m3,4,1,41099,0.0155975947561798,10.642230949826324,0.0
7011,m3,6,0,10286,0.0288868272081334,15.288596602959066,0.0
7011,m3,10,2,52828,0.0654609305952942,108.93416074428508,0.0
7011,m3,13,4,41441,0.0095538675641968,13.604198283124513,0.0
7011,m3,14,6,7400,0.1141650150473628,26.319283816084663,0.0
7011,m3,15,5,40770,0.0217596070502978,27.62979871500614,0.0
7011,m3,16,5,69842,0.0206203729524889,59.29506308372736,0.0
7011,m3,20,5,66376,0.0171452080759344,29.53093433459289,0.0
7011,m3,22,8,54116,0.1315269012454632,86.829354769932,0.0
7011,m3,24,9,19312,0.0395620594456896,0.9391388022868528,0.151
7011,m3,25,8,17923,0.0136680315181938,12.284869315904556,0.0
7011,m3,26,10,2370,0.2203169688967365,23.21313158801957,0.0
7011,m3,28,9,22339,0.0073059536924085,5.908661294234384,0.0
7011,m3,30,8,2088,0.2300233744803465,17.231706042013602,0.0
7011,m3,31,8,1741,0.1940976662071138,16.767367160881424,0.0
7011,m3,32,10,31087,0.0163259691075277,12.026786236037704,0.001
7011,m3,33,11,19619,0.1122709472461133,39.607047472107,0.0
7011,m3,34,10,55436,0.088347798925379,29.313914597155737,0.0
7011,m3,35,15,42875,0.0782945839606004,22.702167126956688,0.001
7011,m3,37,14,54726,0.0630028983590119,68.49073718761359,0.0
7011,m3,38,12,76664,0.0500022767487844,19.96794670317421,0.001
7011,m3,40,14,32901,0.024827719091154,1.5885779284946115,0.052
7011,m4,0,1,55337,0.0269983361366854,47.48221633694105,0.0
7011,m4,2,0,52121,0.0524790823506592,46.19545297360547,0.0
7011,m4,7,5,104571,0.0174588929474294,72.70292784182261,0.0
7011,m4,8,6,13778,0.1041989642866152,60.94928677200177,0.0
7011,m4,9,5,18740,0.2437958374082834,18.054544641285865,0.001
7011,m4,10,4,32216,0.0257943040056315,31.703542488581988,0.0
7011,m4,12,5,57957,0.0323000604724164,21.363577518300843,0.0
7011,m4,13,7,123504,0.0388341653523417,26.8260131928491,0.0
7011,m4,15,5,36059,0.042309745006671,27.754541157896256,0.0
7011,m4,18,4,84684,0.0110710795663906,39.62450591419232,0.0
7011,m4,19,11,36215,0.1863824952991983,32.76783380667288,0.0
7011,m4,20,9,14551,0.0109582316297994,9.746841007408046,0.0
7011,m4,21,8,8951,0.1413267922208572,24.11407592802464,0.0
7011,m4,23,11,8940,0.0205558933127533,5.234064795851736,0.0
7011,m4,24,9,3775,0.0233818175849072,3.484434334866956,0.005
7011,m4,25,10,11500,0.0229833023810431,12.071011230093845,0.0
7011,m4,26,10,31604,0.0172924744746303,11.122639473100971,0.001
7011,m4,28,14,74624,0.0514939307298119,57.06463011319779,0.0
7011,m4,29,15,24381,0.1018108286480437,57.06820329955895,0.0
7011,m4,30,12,112920,0.0161435665921246,47.82883733595888,0.0
7011,m4,31,13,30531,0.0790508669266075,68.05880540805016,0.0
7011,m4,32,13,24105,0.0499882445331847,27.01979488725633,0.0
7011,m5,1,1,43493,0.0886306636911013,96.13891053791616,0.0
7011,m5,2,0,29611,0.0339783688924005,25.57309939853724,0.0
7011,m5,5,5,26493,0.0609122523641628,27.83640452774076,0.0
7011,m5,6,5,62505,0.0223578290361838,55.23605200328515,0.0
7011,m5,7,5,32347,0.1153339220005001,70.37592770906578,0.0
7011,m5,9,5,39111,0.0180430621379012,16.615029545690632,0.0
7011,m5,11,7,120605,0.0446311145172851,30.54465690436633,0.0
7011,m5,13,4,82623,0.0146713367194584,42.21665063734504,0.0
7011,m5,14,5,60313,0.0253640817804143,33.460045559660045,0.0
7011,m5,16,9,26345,0.0128852002991353,8.058520945602583,0.0
7011,m5,17,9,10039,0.027112985800809,5.078766144428919,0.0
7011,m5,18,8,8393,0.0570019436499275,28.851410340727703,0.0
7011,m5,19,10,18405,0.1009836913615973,38.68765393817764,0.0
7011,m5,20,11,29608,0.1885622968720121,102.05501255121906,0.0
7011,m5,21,10,912,0.3693110475751269,9.06844427652716,0.0
7011,m5,23,10,73913,0.016178818449456,16.648925558919796,0.0
7011,m5,24,15,22198,0.0602985638132467,37.31018881490982,0.0
7011,m5,25,15,27886,0.1454115006922425,19.86186026997789,0.001
7011,m5,26,14,11990,0.5827661186223925,42.32763312021893,0.0
7011,m5,27,14,12344,0.1783294155414122,68.32282550120196,0.0
7011,m5,28,12,17124,0.1052728517463268,19.114925076959075,0.0
7011,m5,30,12,61624,0.0325837236242005,19.095012308884066,0.0
7011,m5,31,14,35137,0.1491011809346324,25.69893262262351,0.001
7011,m6,0,0,20539,0.0332693425131016,28.700456015871275,0.0
7011,m6,1,1,29100,0.0465841627934345,56.84496000628853,0.0
7011,m6,2,0,34163,0.0567219371969555,59.71778269440985,0.0
7011,m6,6,4,54339,0.0550892274753107,25.792163535272937,0.001
7011,m6,7,6,22811,0.0295816895282917,7.001171288274622,0.001
7011,m6,8,5,66315,0.0219762774745631,73.20380400517965,0.0
7011,m6,9,4,86796,0.0114934054661886,38.97768035967434,0.0
7011,m6,10,5,16365,0.1811862401049742,39.17143075068589,0.0
7011,m6,12,5,38966,0.0198348177394883,26.74033301010429,0.0
7011,m6,13,5,30962,0.0524576037108341,22.50566825488961,0.0
7011,m6,14,5,3263,0.0909480422054612,20.283210439738426,0.0
7011,m6,15,7,133050,0.049391101235164,33.24059250676928,0.0
7011,m6,16,5,69540,0.0285439239576014,44.836742853926935,0.0
7011,m6,18,8,66047,0.0391516673432389,24.28058199413328,0.001
7011,m6,19,8,32540,0.079072101554006,103.13907330028093,0.0
7011,m6,20,11,81013,0.0220094002597193,26.21547389048845,0.0
7011,m6,21,10,16851,0.1319336599346245,38.0781656076514,0.0
7011,m6,22,9,52433,0.013462398810023,24.64830923374221,0.0
7011,m6,23,14,36882,0.2236405888596768,91.13226956569656,0.0
7011,m6,24,14,22598,0.089460452521441,96.70803590615382,0.0
7011,m6,25,15,27757,0.2866298754766045,27.18036100714314,0.0
7011,m6,27,14,8717,0.7228245946403643,28.036011868501312,0.0
7011,m6,28,15,40882,0.050522649513172,45.21370939811469,0.0
7011,m6,29,12,58905,0.0280064933003405,32.08284286321193,0.0
7011,m7,0,0,12347,0.0774403203870325,30.614858326718974,0.0
7011,m7,1,7,5678,0.1065865523683378,5.788029494518312,0.0
7011,m7,2,2,21822,0.1893767788086065,50.102079731792514,0.0
7011,m7,3,1,23246,0.0167048795047894,11.06896616502484,0.0
7011,m7,5,0,25882,0.0298249999998117,17.859344592815145,0.0
7011,m7,7,2,18831,0.3714427210667793,87.83383964575548,0.0
7011,m7,8,0,12769,0.0362534350709638,10.288953546208257,0.0
7011,m7,11,5,1075,0.6874756023130151,21.26011904934528,0.0
7011,m7,12,4,51563,0.0957260210190714,10.187880675735144,0.001
7011,m7,13,5,69091,0.0253185208235641,40.96161840412897,0.0
7011,m7,14,7,113586,0.0667344230279212,39.65268662797764,0.0
7011,m7,16,4,6694,0.03130973064937,5.643101569141237,0.0
7011,m7,19,6,23778,0.0297221284142509,10.277921029167846,0.0
7011,m7,20,5,34643,0.0098518554004447,8.93755968800304,0.0
7011,m7,23,4,85703,0.010746873003188,38.44717837363893,0.0
7011,m7,24,5,67912,0.021278158695375,71.90698913841695,0.0
7011,m7,25,4,25781,0.0489891259574562,33.87427893705888,0.0
7011,m7,26,8,59385,0.0227864864654779,5.642994731650351,0.001
7011,m7,28,9,47048,0.0316990127860113,31.27487425021785,0.0
7011,m7,29,8,15440,0.0765291146860426,18.86257189897499,0.0
7011,m7,30,9,7537,0.0342075439050179,10.87201537892724,0.0
7011,m7,31,10,9856,0.5861577239476095,97.2413545096431,0.0
7011,m7,35,11,84205,0.0248260395801568,19.842281019610045,0.0
7011,m7,36,15,37156,0.0733199853393489,15.124268710247932,0.001
7011,m7,37,14,41749,0.2639731862560233,129.27303930403005,0.0
7011,m7,39,15,7742,0.1022988690370901,14.589815224909284,0.0
7011,m7,40,14,38013,0.058988473616188,29.95850339680668,0.0
7011,m9,0,2,12062,0.2708674224566964,82.05011070614376,0.0
7011,m9,1,2,5844,0.1729365726561593,22.93201192050016,0.0
7011,m9,2,0,24290,0.1172848860138408,34.67928811109181,0.0
7011,m9,3,0,12399,0.0224168781865683,6.423104151839103,0.0
7011,m9,4,0,42644,0.0073669582375989,5.441805704464066,0.001
7011,m9,5,3,13393,0.0693685033559708,23.536598539815163,0.0
7011,m9,6,1,20199,0.0353505710254461,19.07723348901761,0.0
7011,m9,7,0,9920,0.046234401475456,24.706428993536584,0.0
7011,m9,9,0,35480,0.0218776427321962,21.265248633886348,0.0
7011,m9,11,5,74670,0.0196783081423241,21.99091158109869,0.0
7011,m9,12,7,89666,0.0450779466878783,28.553972018257763,0.0
7011,m9,13,7,14407,0.1154246165900166,28.06339493480349,0.0
7011,m9,14,7,15137,0.00933009931147,2.368307197412563,0.015
7011,m9,15,5,40855,0.0090942616896852,9.04166257975784,0.0
7011,m9,16,4,10840,0.0099852471000334,1.6099886729372497,0.068
7011,m9,17,5,13992,0.0448130128561053,18.653168405345948,0.0
7011,m9,18,5,17831,0.032661562233374,28.140773314137373,0.0
7011,m9,19,4,76400,0.0126585872196843,38.54784331721183,0.0
7011,m9,20,4,3724,0.0657364347668513,9.41701333526056,0.001
7011,m9,21,5,713,0.0841941143444418,2.49136579453766,0.011
7011,m9,22,5,6748,0.5060454222924544,23.79709816571117,0.0
7011,m9,23,5,8829,0.4398577802224045,51.89731678104575,0.0
7011,m9,24,4,60917,0.0212022893856243,23.44527322190665,0.0
7011,m9,25,6,39570,0.0582642327565304,33.537357408243814,0.0
7011,m9,27,10,9276,0.2447873291804866,20.874367084553445,0.0
7011,m9,28,10,8353,0.0134899227981622,5.307115202523373,0.0
7011,m9,29,9,16835,0.0135886521827956,13.3231835139252,0.0
7011,m9,30,9,16638,0.0034570313714034,0.4219357981257045,0.307
7011,m9,32,11,82578,0.0231605216538386,28.86156538050465,0.0
7011,m9,33,14,10887,0.0733413487362483,31.925116188323983,0.0
7011,m9,34,14,37307,0.0595659600985832,27.98846546922531,0.0
7011,m9,35,15,6348,0.6504076857758883,53.11561739789382,0.0
7011,m9,36,14,21206,0.1172759840311846,25.293453706461,0.0
7011,m9,38,15,6782,0.6246177938995775,52.36690441121266,0.0
7011,m10,0,2,5308,0.2294090913759254,24.932836459679297,0.001
7011,m10,1,0,38165,0.1135512282713366,57.66925590093116,0.0
7011,m10,2,1,7044,0.0561794214474166,24.643194189497013,0.0
7011,m10,3,1,12849,0.3355852404840196,53.11194477034047,0.0
7011,m10,4,0,36066,0.0182848461263024,14.57299989580306,0.0
7011,m10,7,4,4555,0.0161893511496072,-0.633414068693087,0.713
7011,m10,8,5,19976,0.0540014672821835,21.869404301595853,0.0
7011,m10,9,4,31530,0.0350989094622331,16.833932451719477,0.0
7011,m10,10,4,20227,0.0524656054628579,23.15210003429188,0.001
7011,m10,12,7,10533,0.040758321776408,21.722993021300617,0.0
7011,m10,13,5,70359,0.0112133803566055,30.23261645586645,0.0
7011,m10,14,7,8012,0.0518014261162862,18.57156334497173,0.0
7011,m10,15,4,12119,0.0245495963712886,14.064833370092709,0.0
7011,m10,16,6,12657,0.0641423787570329,25.00955717623125,0.0
7011,m10,17,5,42681,0.0089213796195503,9.149927074514933,0.0
7011,m10,18,4,4577,0.0246630649365751,2.9736672354022096,0.007
7011,m10,19,7,17905,0.0149056079753908,7.442882237796325,0.0
7011,m10,20,5,13879,0.3030222527198261,28.080733563097336,0.0
7011,m10,21,6,28890,0.0549824122715717,17.67744037719824,0.0
7011,m10,24,10,15489,0.0190205057716017,16.980667839775805,0.0
7011,m10,25,11,122982,0.0240292074691944,24.47296856176328,0.0
7011,m10,27,9,31706,0.0705021058268201,6.141774856925225,0.0
7011,m10,28,10,14890,0.0223572287583992,7.826317166637059,0.0
7011,m10,29,10,6498,0.3470407110880545,24.779802177055565,0.001
7011,m10,30,9,11308,0.0359049450941058,8.480542216896595,0.0
7011,m10,31,11,5403,0.0829650793702448,17.10416413877188,0.001
7011,m10,32,8,29404,0.0174087148323667,18.965749722300984,0.0
7011,m10,34,10,1326,1.1736859515272613,10.251883153413369,0.001
7011,m10,36,9,25857,0.0207164135038207,7.5746553462297,0.001
7011,m10,37,14,51046,0.0511644400127372,17.8740995708968,0.0
7011,m10,38,15,5661,0.9435251945571428,58.39495985930913,0.0
7011,m10,39,15,5599,0.6616712418801859,29.090265356808217,0.0
7011,m10,40,14,47657,0.0539967393199957,17.4891912621506,0.0
7011,m10,44,13,5262,0.5884538390888537,48.52374737745563,0.0
7011,m11,0,0,33431,0.0271300345905573,20.97854740973093,0.0
7011,m11,1,0,11222,0.0290769377670281,18.30083795359645,0.0
7011,m11,2,1,7181,0.0583675395110755,22.12610148855487,0.0
7011,m11,3,1,5737,0.0761459522670611,14.836133498854574,0.002
7011,m11,4,0,6572,0.2520189481070968,4.76849542416608,0.0
7011,m11,5,0,12893,0.273728405907462,53.42671183595148,0.0
7011,m11,6,0,14446,0.0133107550511571,8.636765256151902,0.001
7011,m11,10,5,2777,0.2796904580618565,40.37589557353332,0.0
7011,m11,11,5,26737,0.1012722306240966,28.9889064797139,0.0
7011,m11,12,5,23420,0.049489205724066,17.958986578802442,0.001
7011,m11,13,4,122248,0.0919327537489444,86.32828947348197,0.0
7011,m11,14,4,7337,0.1925460537823741,7.320936856360147,0.0
7011,m11,15,7,17872,0.0270066006777061,14.11938794368485,0.0
7011,m11,16,5,16942,0.2751322303713795,23.402589498883145,0.0
7011,m11,17,4,44675,0.0092921292109266,12.8116483843238,0.0
7011,m11,19,5,80402,0.0114341012771296,44.1879369729971,0.0
7011,m11,20,11,3519,0.0514417412108831,10.744419275813833,0.0
7011,m11,21,9,48374,0.0575741974425996,86.02209753386543,0.0
7011,m11,22,10,1628,0.8618364778346063,7.791010225959275,0.002
7011,m11,24,9,35480,0.0131929911673871,10.07585150315476,0.001
7011,m11,25,8,149567,0.0351186064858069,20.554192639975565,0.001
7011,m11,27,11,3026,0.0572124448070137,3.06815114074107,0.005
7011,m11,28,10,5875,0.1334574776688613,27.123835283681306,0.0
7011,m11,29,9,50882,0.0135966570004229,17.004409371268185,0.0
7011,m11,30,11,7203,0.0497899618036602,-0.6520672302697313,0.684
7011,m11,32,10,17089,0.1787867190956647,34.10870810356865,0.0
7011,m11,33,14,31134,0.1790342659563863,20.144969538888244,0.001
7011,m11,34,15,8205,0.7057921921186388,26.27287783594598,0.0
7011,m11,35,14,13871,0.1265856365413504,26.647829090533293,0.0
7011,m11,36,15,8313,0.7527789724268884,39.44519108530737,0.0
7011,m11,37,12,731,2.708766617667333,13.489476398703792,0.001
7011,m11,38,13,4237,0.719667635922374,19.159408110878783,0.002
7011,m11,39,14,25557,0.0640198719758832,33.75231592537079,0.0
7011,m12,1,0,39150,0.0177354237946593,20.27662558438216,0.0
7011,m12,2,1,21834,0.0460584746605121,28.863537065055844,0.0
7011,m12,3,0,49042,0.1412226872200921,36.67242599421898,0.0
7011,m12,4,1,21923,0.0175997871537779,20.03142005360605,0.0
7011,m12,7,7,113577,0.0858711597830711,45.25355741903816,0.0
7011,m12,8,5,71659,0.0190663045499189,36.97217951316828,0.0
7011,m12,9,7,16263,0.0332883212125901,18.70031020023114,0.0
7011,m12,10,6,63634,0.0276181797534719,29.71930442308252,0.0
7011,m12,11,5,326,0.701549943810868,-0.1093471373379538,0.439
7011,m12,12,4,49270,0.0098345532542944,14.259836470374346,0.0
7011,m12,13,5,19146,0.0334704750774848,11.989394178889489,0.0
7011,m12,14,4,7844,0.0513080306794368,4.422053094990337,0.001
7011,m12,15,5,22390,0.0758703115463159,28.162360930309177,0.0
7011,m12,16,5,26322,0.0862283223933385,39.40743707449875,0.0
7011,m12,17,4,48724,0.0383579746099331,30.48747315685142,0.0
7011,m12,19,8,19369,0.0366785288648373,8.499264637288862,0.0
7011,m12,20,11,6595,0.0704439370315244,28.03152828611465,0.0
7011,m12,21,9,63743,0.0307667205283043,55.89945911823811,0.0
7011,m12,22,10,10822,0.0840003586118163,36.78805904293454,0.0
7011,m12,23,9,18195,0.089969314324135,17.135119188466533,0.0
7011,m12,24,9,7267,0.0186895203242865,8.932228109718286,0.0
7011,m12,25,9,68090,0.0138387717210414,24.497609657879103,0.0
7011,m12,27,11,133072,0.0351638762081682,40.900906969402826,0.0
7011,m12,28,14,12992,0.159230407068429,21.82473624342065,0.001
7011,m12,29,14,48593,0.0665909053947047,42.76917080342909,0.0
7011,m12,30,15,2584,0.9332492242630392,22.21838174180702,0.0
7011,m12,31,14,26965,0.1834624054464044,59.67875679656557,0.0
7011,m12,32,12,2206,2.393510525324253,17.620831080592993,0.0
7011,m12,33,12,10983,0.0575429364415379,24.98601199479621,0.0
7011,m13,0,1,16730,0.0383245934122674,24.17543874861349,0.0
7011,m13,1,0,30062,0.0567149371527151,19.15712079517697,0.0
7011,m13,2,1,71467,0.0739314587831999,36.77020390058348,0.0
7011,m13,3,0,16985,0.0823093671526409,25.227169428228727,0.0
7011,m13,4,2,21872,0.3049356269149214,21.22725414874816,0.001
7011,m13,5,3,43711,0.0301478689134627,27.0460787704302,0.0
7011,m13,6,0,32103,0.0210171565913657,14.771642168479524,0.001
7011,m13,7,0,52511,0.10298467342405,35.920417041693426,0.0
7011,m13,10,5,75832,0.0201400596621226,64.91429640216973,0.0
7011,m13,11,4,120784,0.0833803064024367,85.42246182631827,0.0
7011,m13,12,5,3370,0.2733050418193551,26.829837944506647,0.0
7011,m13,13,4,4083,0.122504207502964,18.965081912837974,0.0
7011,m13,14,4,26767,0.1108991898670394,60.89855021329445,0.0
7011,m13,16,5,20644,0.1619958842572372,38.83754293234343,0.0
7011,m13,19,5,30027,0.056446256522719,37.617885449116535,0.0
7011,m13,20,4,44598,0.0125687471806766,14.70641422210034,0.0
7011,m13,21,4,65474,0.0232497645216705,29.836435784585845,0.0
7011,m13,22,7,124553,0.0848660539050523,46.87088687445008,0.0
7011,m13,26,9,22062,0.0165225102804161,3.171711724300528,0.001
7011,m13,27,8,9550,0.0259104254697502,9.94140184966928,0.0
7011,m13,28,10,25551,0.0175621098460532,15.693746993564112,0.001
7011,m13,29,11,94544,0.0506692697406601,31.279125112107813,0.0
7011,m13,30,9,16167,0.0151441497440138,2.357489197505544,0.02
7011,m13,31,9,4220,0.0238439014535507,2.6678653768800515,0.01
7011,m13,33,8,91641,0.0256139951152928,19.719698184088493,0.0
7011,m13,34,12,13789,0.0327350595628792,15.155021533783025,0.0
7011,m13,35,15,3008,0.0446076917011293,6.209867889872742,0.0
7011,m13,36,15,2301,0.20672000348429,16.915598209854366,0.0
7011,m13,37,14,13139,0.0527397807995468,26.85752650719957,0.0
7011,m13,39,15,11853,0.0442920477511223,5.304869568887532,0.0
7011,m13,42,12,2111,2.53247066939038,50.64786011062462,0.0
7011,m13,43,14,15902,0.0691784413351836,24.241735579137448,0.001
7011,m13,44,15,7813,0.7238258714644357,18.85908804487887,0.0
7011,m15,0,0,31403,0.0311774260810164,27.22123380164241,0.0
7011,m15,2,0,14469,0.6531346406484169,24.87703658116188,0.001
7011,m15,4,2,41733,0.0496457002024996,35.413801715555344,0.0
7011,m15,7,4,100691,0.0933782420123155,21.16882930710792,0.0
7011,m15,8,5,13354,0.0564392714500171,16.68358723565773,0.0
7011,m15,10,5,787,0.1698331523669717,0.7933840336587598,0.206
7011,m15,11,5,1995,0.0982791661769703,4.182585420296938,0.003
7011,m15,13,5,3738,0.2718370420685821,21.390786366490687,0.0
7011,m15,14,5,2013,0.1090775093237678,3.2182505366388128,0.003
7011,m15,15,5,75385,0.0217193330933008,29.71334211010235,0.0
7011,m15,16,4,4749,0.0990447161016685,5.2837193812672325,0.0
7011,m15,17,4,35934,0.0391125824721014,29.60836080931946,0.0
7011,m15,18,6,41410,0.0175883720017834,15.427737980310123,0.0
7011,m15,19,7,99894,0.0957901849029845,86.7977251948715,0.0
7011,m15,20,11,24506,0.0688180641994518,44.2979395375973,0.0
7011,m15,21,10,9306,0.0561799403236413,20.622412996626004,0.0
7011,m15,22,9,33493,0.0366278990557178,32.23028402548373,0.0
7011,m15,23,11,26192,0.0453788660765482,24.26750065184602,0.0
7011,m15,24,9,18290,0.0844469730367081,16.41866234318211,0.0
7011,m15,25,10,44657,0.4721386894897688,60.03103550747739,0.0
7011,m15,26,10,79766,0.0285613522990888,22.46568762975112,0.0
7011,m15,29,14,25025,0.0757377172094319,49.46892546206082,0.0
7011,m15,30,12,17850,0.0301088090866213,11.552295008116678,0.0
7011,m15,32,14,55645,0.0468712599474093,27.099419072212807,0.0
7011,m16,1,2,12562,0.0321208577466251,11.106205301520973,0.0
7011,m16,2,1,4911,0.237047837601959,20.676297578483595,0.0
7011,m16,6,4,75884,0.0087959091227168,6.99689781137148,0.0
7011,m16,7,6,19426,0.1808985368753983,31.558103997243244,0.0
7011,m16,8,4,2037,0.1321430054414914,5.186334977303647,0.0
7011,m16,9,4,2222,0.1739688120897941,15.15298667250829,0.0
7011,m16,10,6,12107,0.0230818201488433,11.12738228896946,0.001
7011,m16,15,5,30670,0.0549712940840623,30.06704900958588,0.0
7011,m16,16,10,47588,0.0221618436418595,31.215950399583857,0.0
7011,m16,18,11,73334,0.0850300251610213,26.0878887275377,0.0
7011,m16,19,8,43954,0.0320306142767171,19.72071502097435,0.0
7011,m16,20,9,23407,0.1008010828190406,14.621695890926595,0.0
7011,m16,21,9,31486,0.0390311430913216,37.36775554646372,0.0
7011,m16,26,14,14322,0.1459780309658285,35.125876832149395,0.0
7011,m18,0,0,6038,0.4787286467553139,33.073039498135195,0.0
7011,m18,1,0,18298,0.0230494631114918,15.540688830153176,0.0
7011,m18,2,3,115694,0.0109109932405663,13.18896379563948,0.0
7011,m18,3,0,11255,0.2877676372718293,19.05290639014291,0.0
7011,m18,4,2,62608,0.0349787328278386,17.51776435302576,0.0
7011,m18,6,5,813,0.7936228240644824,7.66737964612703,0.0
7011,m18,7,4,4489,0.0929728108021613,3.406692199490448,0.005
7011,m18,8,5,2707,0.1289905246682336,9.058461170074692,0.0
7011,m18,9,5,5833,0.1512841960714482,4.46535005867544,0.004
7011,m18,10,4,41584,0.0300644948659817,23.71756748608357,0.0
7011,m18,11,5,19078,0.4205651316073237,26.503058583676804,0.0
7011,m18,14,9,20810,0.0822951178819552,6.575011229856546,0.002
7011,m18,15,8,65525,0.0498200450533184,2.3725420419885825,0.012
7011,m18,17,9,21950,0.0289701538059747,11.508417706630846,0.0
7011,m18,18,9,56551,0.0102759218618002,4.690082349508542,0.001
7011,m18,19,11,92781,0.0168839716442491,3.2742481581869898,0.003
7011,m18,21,12,57790,0.0114440743969575,1.831739870879683,0.05
7011,m18,23,15,8692,0.5418263623362919,33.87101964942458,0.0
7011,m18,24,15,58367,0.0172560350079951,4.838882573281273,0.0
7011,m18,25,14,111422,0.0137030065444719,11.525841504384037,0.0
7011,m18,26,19,5825,0.0110932272174227,1.3868722385522445,0.09
7011,m18,31,17,25415,0.0545440786714146,5.234796148920312,0.001
7011,m19,0,2,59747,0.0622971593830724,20.07872534038357,0.0
7011,m19,1,1,7875,0.0434589876194675,6.644269590326806,0.0
7011,m19,2,0,24168,0.0400870169765571,15.639085333352837,0.0
7011,m19,3,0,12312,0.0891387251605597,3.61676867720838,0.004
7011,m19,4,0,31184,0.1504177023079016,21.646527630155152,0.0
7011,m19,5,3,111052,0.014833257268008,7.592111515657243,0.0
7011,m19,6,5,19406,0.0596149912862921,22.93937950919632,0.0
7011,m19,8,5,10851,0.8047044569998133,17.904392287553925,0.001
7011,m19,9,4,905,0.191468738534743,5.387136829188976,0.0
7011,m19,10,4,16607,0.0104796439692516,4.335321858608209,0.0
7011,m19,11,5,8776,0.0272295591893734,7.081379290813592,0.002
7011,m19,13,4,3245,0.243575434851776,6.957576076128706,0.0
7011,m19,15,4,5048,0.1875386940790165,2.219571889495544,0.031
7011,m19,16,7,1596,0.3029203147125417,2.2019479645678417,0.04
7011,m19,18,4,27567,0.0673971429310084,23.720551601635787,0.0
7011,m19,21,9,5487,0.0611991025262663,9.238902101664737,0.0
7011,m19,22,8,34038,0.0564788697512411,17.926807244016583,0.0
7011,m19,23,9,52865,0.0508281302448024,9.27983147926021,0.0
7011,m19,24,11,60969,0.0280681048330087,15.61410305902884,0.001
7011,m19,25,8,101039,0.0699474723502549,6.955797692148499,0.0
7011,m19,26,12,55043,0.0154318832493887,12.261532427876904,0.001
7011,m19,27,14,16360,0.0190117834704697,7.801032965629624,0.0
7011,m19,29,12,68467,0.0143237323597236,9.28260634587076,0.001
7011,m19,30,19,6504,0.0271510747769668,2.0782757437616275,0.04
7011,m19,31,19,6610,0.0415631818095725,4.142902480991698,0.001
7011,m19,32,16,13551,0.2502923155543137,5.883211676862759,0.0
7011,m19,33,17,14964,0.2148384335654344,6.080671655415872,0.001
7011,m19,61,25,3863,0.0228872792390731,1.1263947258738158,0.145
7011,m19,62,27,4645,0.0311108919996042,5.20209604326335,0.0
7011,m19,65,24,4872,0.4889748398697584,3.9376866674388062,0.002
7011,m19,66,24,4910,0.5621896837472737,4.053794113913556,0.002
7011,m19,67,27,22666,0.056685742236195,5.301216143386647,0.0
7011,m19,68,31,7953,0.1971677503060486,5.3044260874993565,0.001
7011,m19,69,31,9440,0.2606414252799513,5.314876697910949,0.0
7011,m20,0,1,30759,0.0394545816880844,32.60200190809473,0.0
7011,m20,1,2,7207,0.1600262413126235,27.0409493907252,0.0
7011,m20,2,2,30101,0.0585335363690675,21.338120862919155,0.001
7011,m20,3,1,9619,0.0627724507063808,25.4375556698244,0.0
7011,m20,4,1,6988,0.0191141649596477,7.172158829250174,0.0
7011,m20,5,0,9594,0.1151323176192037,26.96115662617707,0.0
7011,m20,6,2,8521,0.071367168742235,18.989183656503062,0.0
7011,m20,7,3,62467,0.0219054698066208,15.536578551551813,0.0
7011,m20,8,2,6314,0.1608320640138968,21.025299022241786,0.0
7011,m20,9,0,12958,0.4572553279986137,24.999066053758863,0.001
7011,m20,10,3,8708,0.3897445069197722,1.5455570271084826,0.075
7011,m20,12,4,50393,0.0105675680915541,14.280985858050649,0.001
7011,m20,13,5,24567,0.0526284420208321,24.244082381433905,0.0
7011,m20,14,5,48677,0.1227879718753974,47.21002178785109,0.0
7011,m20,15,5,74953,0.0143707144743885,39.47700413569633,0.0
7011,m20,17,9,3188,0.0903233824254945,9.939935708782016,0.0
7011,m20,18,11,6656,0.0287613071839451,9.455463140830478,0.0
7011,m20,19,11,56085,0.0126308407429254,11.713513636615648,0.001
7011,m20,21,9,46179,0.0303981684951587,8.475736336003044,0.0
7011,m20,22,8,28021,0.0477997442487993,22.17158705293945,0.0
7011,m20,25,9,24296,0.0683505837956619,36.65944505735437,0.0
7011,m20,26,10,83008,0.0087706435809441,16.74774802987968,0.0
7011,m20,27,13,84833,0.0168838604785855,25.99753702360318,0.0
7011,m20,36,17,11434,0.0461316380862284,2.5278455872883794,0.023
7012,m1,0,3,139669,0.0523702928065497,57.79199933130951,0.0
7012,m1,1,0,58163,0.0242575308324937,20.812025701698737,0.0
7012,m1,4,3,54431,0.0028108131348894,2.5397525123230453,0.012
7012,m1,6,2,3880,0.0191769246471472,5.031946019051262,0.0
7012,m1,8,3,63483,0.0257434542285833,22.35568192973286,0.0
7012,m1,9,0,74589,0.0121460208851621,12.843871678656718,0.001
7012,m1,10,6,63197,0.0207247418006528,25.053730195406423,0.0
7012,m1,11,6,5680,0.0980945669814024,19.31083033728985,0.0
7012,m1,12,4,60849,0.0050662402114812,9.86656635583775,0.001
7012,m1,14,7,44144,0.0079258395293386,9.197435178835097,0.002
7012,m1,17,5,115865,0.0528156902554629,36.00773028815577,0.0
7012,m1,19,9,60604,0.0206908988734514,20.070115186488334,0.0
7012,m1,21,10,71844,0.0154204247790244,21.16967425077078,0.0
7012,m1,22,8,56773,0.0078057176951953,14.84328757137954,0.0
7012,m1,23,11,69376,0.0055437832741896,9.451306144892351,0.002
7012,m1,24,11,13301,0.0071939752114203,4.041265460763011,0.0
7012,m1,25,10,26848,0.0159217878967503,14.902832641992047,0.001
7012,m1,26,10,57136,0.0091962748712386,7.847417333604768,0.0
7012,m1,27,9,72021,0.0106292278436295,20.81907564691032,0.001
7012,m1,29,13,925,0.6098668969276172,5.521365639621743,0.0
7012,m1,31,12,110905,0.0286066547617656,28.63912300956665,0.001
7012,m1,32,13,84608,0.016335285259157,19.22500858348528,0.0
7012,m1,33,12,5384,0.0785513488890343,3.731415051527764,0.0
7012,m1,34,15,28349,0.0087969395972301,6.851039156619166,0.0
7012,m1,35,16,16356,0.0087293593196296,1.8668620695121536,0.043
7012,m1,36,19,17213,0.0064347931605632,4.618922335097885,0.001
7012,m1,38,17,47434,0.0199369588116739,0.0673304599268743,0.483
7012,m1,39,18,71829,0.0046047287622342,18.75628286702273,0.0
7012,m1,40,18,97898,0.0082963176114055,14.183036156604652,0.0
7012,m1,41,19,165581,0.0025158956316734,10.11690207827408,0.001
7012,m1,42,16,199716,0.0047034255110579,11.97549578520984,0.0
7012,m1,43,20,35872,0.0051123331884833,6.396810018359507,0.001
7012,m1,44,20,145342,0.0021410722091922,4.60924450586345,0.0
7012,m1,45,22,257754,0.002155363343916,9.451915020596196,0.002
7012,m1,46,23,133935,0.0016491784989856,4.301405636276258,0.004
7012,m1,47,21,86337,0.0013847022659637,3.2881160991218144,0.004
7012,m1,48,27,262012,0.0009616434099145,1.6476419928316612,0.063
7012,m1,49,24,65262,0.0050622405095467,24.191455458943214,0.0
7012,m1,50,27,29706,0.0034517638366778,1.8332622381231791,0.042
7012,m1,51,25,27691,0.0030614384163958,0.6338947767219333,0.259
7012,m1,52,26,29682,0.0032753526758678,3.727203880440835,0.001
7012,m1,53,26,194958,0.0017251631792659,7.070936422281275,0.0
7012,m1,54,25,95755,0.0011091590519641,4.606854996698027,0.001
7012,m1,55,24,73074,0.0019854299726149,4.460496057941396,0.0
7012,m1,57,31,26538,0.0036198665674525,3.37782015309671,0.001
7012,m1,58,29,74674,0.0035768207431001,12.22651649111244,0.0
7012,m1,59,30,125332,0.0019750867810038,4.464185547888906,0.0
7012,m3,0,3,13929,0.0102202157070396,5.366588753421006,0.0
7012,m3,1,3,52514,0.0130799637994535,14.549850704730517,0.0
7012,m3,2,0,76148,0.0054404568042726,10.177738114934307,0.0
7012,m3,3,0,11297,0.1270245771233477,10.159206124272892,0.001
7012,m3,4,0,125187,0.0279816895735056,47.01365779760645,0.0
7012,m3,5,2,11760,0.2091344080933027,28.11872868675504,0.0
7012,m3,6,3,45678,0.0376019904265102,16.459326447603623,0.0
7012,m3,8,6,11293,0.3490663860785579,14.004000475260051,0.001
7012,m3,9,7,88776,0.0037807535691123,5.232431534171122,0.001
7012,m3,10,4,36050,0.0136464575675172,17.70836124686745,0.0
7012,m3,11,6,46127,0.0063664583157045,10.476730178035996,0.0
7012,m3,14,5,18461,0.0140440135454749,7.695336380419874,0.0
7012,m3,15,6,54667,0.0183178658303911,14.282943535313269,0.0
7012,m3,18,9,123379,0.0251125517972581,29.9457411734294,0.0
7012,m3,19,8,37237,0.0293635108166153,10.34110157727475,0.0
7012,m3,20,10,24258,0.061016670554861,24.490539824649773,0.0
7012,m3,21,10,793,0.7090144779764701,18.25070877021433,0.0
7012,m3,22,11,36512,0.0179929959434989,22.36168637188927,0.0
7012,m3,23,10,36526,0.027184391140433,15.289891506149564,0.0
7012,m3,24,11,7305,0.0432923961867393,18.41159098044329,0.001
7012,m3,25,10,12259,0.2843126570402122,17.51378418169801,0.0
7012,m3,26,11,63658,0.0111300373921331,17.0629509904473,0.0
7012,m3,27,8,4647,0.443364903149328,12.432817143646927,0.001
7012,m3,28,10,30114,0.0276215741209491,12.132435682028822,0.0
7012,m3,29,8,29783,0.196669562909771,33.12227234500072,0.0
7012,m3,30,9,65273,0.0055567220853963,10.549993545874075,0.0
7012,m3,34,15,22980,0.0112039621885785,6.530117131387081,0.0
7012,m3,35,12,102609,0.0118486589736483,31.233626983531835,0.0
7012,m3,36,13,72964,0.0082953030688049,11.93945001197254,0.0
7012,m3,37,16,28218,0.0074575467152272,5.629722614663328,0.001
7012,m3,38,17,97552,0.0045063276601828,2.349920619027364,0.011
7012,m3,39,18,77969,0.0029477498138055,4.185082171240595,0.003
7012,m3,40,17,51298,0.002701351127353,3.93170679144324,0.002
7012,m3,41,16,221412,0.0021174689917349,7.904645350434511,0.0
7012,m3,42,18,13145,0.0067854642576122,1.9830888414861672,0.037
7012,m3,43,19,165412,0.0025250400384411,9.878151148159338,0.001
7012,m3,44,20,19853,0.0073751885267544,2.5166579258548545,0.008
7012,m3,45,20,190916,0.002433257978877,-0.7989127403809922,0.826
7012,m3,47,23,44158,0.0075023758460986,2.475391980804257,0.014
7012,m3,48,23,109452,0.002788657792927,2.6184116828603194,0.015
7012,m3,49,22,148827,0.0064526396352629,0.6081768735412834,0.185
7012,m3,50,25,14694,0.0071298443277973,4.00823982319555,0.001
7012,m3,51,26,23528,0.0052896582770447,5.186486329613016,0.0
7012,m3,52,27,33013,0.0038051269815832,3.3020024944718145,0.0
7012,m3,53,27,259642,0.0023152908032328,5.262663122289391,0.0
7012,m3,54,24,171204,0.0010201692011037,4.910262233619189,0.0
7012,m3,55,24,79480,0.001570436844026,2.894646501605336,0.006
7012,m3,56,25,118498,0.0012293689538356,2.399805535749793,0.01
7012,m3,57,26,134694,0.0025386171488885,3.674399956259153,0.009
7012,m3,58,31,124937,0.0012326135421314,1.808799633053705,0.063
7012,m3,59,30,27263,0.0042380738666018,2.9063875312297447,0.01
7012,m3,61,28,72794,0.0017656131602801,-0.9539714123075486,0.842
7012,m3,62,29,67098,0.0089284370864909,7.225209909841331,0.0
7012,m4,1,0,116776,0.0293565107240418,27.514281285879395,0.0
7012,m4,2,3,39849,0.0160128206768317,6.8965517322972,0.0
7012,m4,4,0,1779,0.4708300044819201,8.586466573229904,0.003
7012,m4,6,0,82633,0.0111706647708715,23.08142540096105,0.0
7012,m4,7,3,21113,0.0080453339232114,2.591122454446144,0.011
7012,m4,8,0,18611,0.01470464250079,3.128143270563795,0.008
7012,m4,9,7,71194,0.0037322088908133,5.832649698749338,0.001
7012,m4,10,6,80547,0.0093531714639497,26.14442384083128,0.0
7012,m4,11,5,21259,0.0192270769300553,15.622448210818453,0.0
7012,m4,15,7,17831,0.0088148501781152,2.8122751891712534,0.008
7012,m4,16,6,82807,0.0158822442873776,12.164784336755783,0.0
7012,m4,17,10,4087,0.0166428196327476,1.4152144415841137,0.091
7012,m4,18,9,71496,0.0104102222447605,18.73802292700696,0.0
7012,m4,19,11,527,0.7034494784925925,0.0529905423623609,0.359
7012,m4,20,11,12867,0.0095679174391867,5.384756183578885,0.001
7012,m4,21,8,14302,0.0257078550734349,6.718735727781372,0.002
7012,m4,22,11,78662,0.0085643827404877,11.141509418317629,0.0
7012,m4,23,8,36899,0.0098000740012441,8.811147017249676,0.0
7012,m4,24,8,8149,0.0654056707388317,13.187241160501385,0.001
7012,m4,25,9,65882,0.0091367861881245,20.10702090871774,0.0
7012,m4,26,8,20515,0.1541544124796102,26.85253252943567,0.0
7012,m4,27,8,18366,0.4178909889277516,22.05659007633974,0.0
7012,m4,28,11,69974,0.0081174995438117,10.704684847276551,0.0
7012,m4,29,10,69105,0.0095334446448382,12.78160637572551,0.0
7012,m4,30,8,3794,0.030240278052414,8.779795356192201,0.0
7012,m4,31,10,9336,0.4685605189737712,29.056291502682058,0.0
7012,m4,32,8,10910,0.2227040359896299,13.321318903799256,0.0
7012,m4,33,15,42867,0.011800117457063,8.500569365509586,0.0
7012,m4,34,13,56084,0.0153940134109099,14.673330579500574,0.0
7012,m4,35,14,3267,0.3789168014118457,19.46000601567865,0.0
7012,m4,36,15,10381,0.0119303080796956,4.556395553928364,0.0
7012,m4,39,12,100801,0.0070071438181452,19.320043870906293,0.0
7012,m4,40,17,48667,0.0029188782040253,5.772602465301161,0.0
7012,m4,41,18,101435,0.0098603071820337,19.51878238220012,0.0
7012,m4,42,19,20484,0.0063523326038183,2.889161882126544,0.008
7012,m4,43,18,4304,0.0123411725877904,1.3466914484224688,0.094
7012,m4,44,16,20690,0.0057644694154953,6.51620051634437,0.0
7012,m4,45,16,224720,0.0029815063018773,3.095193550665285,0.0
7012,m4,46,17,84398,0.0018283858618762,3.709581238062545,0.003
7012,m4,47,19,132350,0.0014540386100765,4.493128986693264,0.005
7012,m4,48,18,77029,0.0017687671495055,5.30695879497128,0.0
7012,m4,49,20,93857,0.0076137597818066,8.01075681149983,0.001
7012,m4,50,23,35025,0.005180972750983,4.701780776463755,0.001
7012,m4,51,23,148588,0.0020840367004193,1.7371859660759743,0.069
7012,m4,52,21,75046,0.0025670477987195,2.0701933417356515,0.027
7012,m4,53,22,118427,0.0012752214450498,4.366295299536941,0.0
7012,m4,54,20,163986,0.0007678311950653,2.4000436887043457,0.019
7012,m4,55,24,224161,0.0015707248017919,3.931288001845142,0.0
7012,m4,56,26,73254,0.0036567326198726,1.7680326553160794,0.048
7012,m4,57,26,27751,0.0032924577368625,1.9698969669686075,0.037
7012,m4,59,25,115353,0.0014284223880565,5.736066282876791,0.0
7012,m4,60,27,242504,0.0018630586256806,6.888236487057673,0.0
7012,m4,61,30,69445,0.002285058786276,6.887375508996396,0.0
7012,m4,62,30,92668,0.0032678032499872,6.370339484454012,0.001
7012,m4,63,30,81960,0.0016122645914697,6.068081732301062,0.0
7012,m4,64,28,16831,0.0053419521544923,2.0018847528762427,0.035
7012,m4,65,30,9303,0.0083679307138787,0.9805939215683812,0.162
7012,m4,66,28,65283,0.0020061396185981,2.5904972915629374,0.012
7012,m4,67,31,71402,0.001020168040715,0.4261261751333625,0.315
7012,m4,68,31,79640,0.0042640676052381,12.665399936560664,0.001
7012,m4,69,30,65779,0.0065740195411585,30.18171796468929,0.0
7012,m5,0,3,109410,0.0260934779080064,29.97212209452675,0.0
7012,m5,2,2,16858,0.0270881090074729,5.059674563669393,0.001
7012,m5,3,3,23577,0.0088622835755143,8.322573856823354,0.0
7012,m5,5,5,5991,0.1260689096193552,26.609976342935603,0.0
7012,m5,6,5,14807,0.0892457181768562,40.04960813590408,0.0
7012,m5,8,4,95418,0.0042663170299053,6.759340752271463,0.001
7012,m5,9,4,123647,0.008455027392737,21.277949148641515,0.0
7012,m5,10,8,3966,0.0265001144077965,5.153981186597197,0.001
7012,m5,11,8,21792,0.3559907781658351,34.01646092227216,0.0
7012,m5,12,9,125827,0.0157479447764227,19.33160865877031,0.0
7012,m5,13,10,1292,0.8504628075673278,10.662665283444452,0.0
7012,m5,14,11,23259,0.013636023369978,-0.2190166940810426,0.558
7012,m5,15,8,26996,0.0276592521380578,19.35568387574117,0.0
7012,m5,16,9,57496,0.011412310342176,21.031512310858936,0.0
7012,m5,17,10,31191,0.0641395087508161,20.481876586936966,0.0
7012,m5,18,8,36305,0.1376054922472535,23.735543700990167,0.001
7012,m5,19,11,131868,0.0063994267703327,12.050885793661612,0.001
7012,m5,20,12,16035,0.0169989099354286,2.5464327914077134,0.008
7012,m5,22,15,46733,0.0051183814916164,6.487613639489221,0.0
7012,m5,23,12,34212,0.0624491941640703,22.3516697452152,0.0
7012,m5,24,14,3591,0.8002978245342548,29.987662501151505,0.0
7012,m5,28,12,107240,0.0110961066624427,21.63033998413792,0.0
7012,m5,29,19,112383,0.0062059475697739,9.596351885702871,0.0
7012,m5,30,18,79742,0.0018665970939293,8.441264527386513,0.0
7012,m5,31,18,91303,0.0066145024413949,8.606416257206446,0.0
7012,m5,32,16,130407,0.0138987251088599,5.702607167201679,0.0
7012,m5,33,16,33959,0.0119411665708638,9.292497899273524,0.001
7012,m5,34,17,158832,0.0066679929600498,3.7793198629973626,0.003
7012,m5,35,23,113444,0.0037615493599524,8.767474660120959,0.002
7012,m5,36,20,181049,0.0014989066185778,3.5804135114987115,0.001
7012,m5,37,21,72575,0.007455961482269,10.09523472913349,0.003
7012,m5,38,23,36382,0.0069109869481758,8.524648980821146,0.0
7012,m5,39,20,101940,0.0107593328996301,14.05112967834978,0.0
7012,m5,40,21,14275,0.0102127236256996,4.168651091366674,0.001
7012,m5,41,22,108466,0.0070619888493652,6.956573970699616,0.0
7012,m5,42,26,24869,0.0038237309682656,2.02809523616377,0.028
7012,m5,43,25,83909,0.0008660625662602,0.7364465542409356,0.217
7012,m5,45,26,40519,0.0044117863550435,1.4879343818597537,0.073
7012,m5,46,27,194531,0.000848812206885,3.063118879931744,0.006
7012,m5,49,25,24692,0.0047572911722362,2.883836218609113,0.006
7012,m5,50,24,229910,0.0021365712200959,4.509413954654397,0.0
7012,m5,51,31,55563,0.0037641890696761,6.6690028953994345,0.0
7012,m5,52,30,84695,0.0013202096151082,1.4829388093456772,0.076
7012,m5,53,28,74030,0.0043337774271293,5.747717825795575,0.0
7012,m5,54,31,61365,0.0014836026865321,2.1982752666439698,0.02
7012,m5,55,30,91717,0.0027796782892395,5.241484612327342,0.002
7012,m5,56,30,62489,0.0019663150767874,5.250894618273808,0.0
7012,m5,57,30,79192,0.0032546756215527,12.728128501005072,0.0
7012,m6,0,0,8996,0.2904548376748008,23.990150209984947,0.0
7012,m6,1,3,118631,0.0232827276636797,33.835471216875625,0.0
7012,m6,2,2,21877,0.0609289287057512,22.70068381893136,0.001
7012,m6,4,5,26960,0.0653824879394484,34.3501032705423,0.0
7012,m6,5,6,45123,0.0135456596868368,4.880377027203556,0.001
7012,m6,6,4,115681,0.0096887147893743,23.948534169127164,0.0
7012,m6,7,5,96024,0.0097991043246726,18.074208833972094,0.0
7012,m6,11,9,73850,0.0084769710070341,10.539537942492588,0.0
7012,m6,12,8,33301,0.0608787739500144,22.80181614099963,0.0
7012,m6,13,10,21806,0.1663350099727896,24.91364394422308,0.0
7012,m6,14,8,20037,0.2672269047632538,34.67276557067299,0.0
7012,m6,16,11,67346,0.0070551379868124,10.454828463448914,0.0
7012,m6,17,11,10443,0.0176348906907857,3.647991410516242,0.002
7012,m6,18,10,3360,0.7702810277643836,19.92079905586877,0.0
7012,m6,19,11,99012,0.0051410055885176,8.573065885396588,0.001
7012,m6,21,8,4824,0.0366667959404783,18.211121429787752,0.0
7012,m6,22,8,14493,0.3146856609378303,66.10521986292235,0.0
7012,m6,24,9,59968,0.0053430254416211,11.135910547145729,0.0
7012,m6,27,12,31977,0.041010947525376,29.069311284245668,0.0
7012,m6,28,15,130491,0.0053428392567012,10.236793181512889,0.002
7012,m6,29,12,5997,1.3244460420886344,30.832159679604587,0.0
7012,m6,30,12,17074,0.0176935191814694,9.697972414189149,0.001
7012,m6,32,12,98767,0.0092180061249319,22.79990093837656,0.0
7012,m6,33,19,130896,0.0019797506396169,10.506911517804712,0.0
7012,m6,34,16,182774,0.0028583214696481,3.0634304090084448,0.01
7012,m6,35,18,11918,0.0054586534320528,2.0165651822016586,0.028
7012,m6,36,19,24778,0.0034327294401529,1.880861160755417,0.044
7012,m6,37,17,49808,0.0038718894464457,9.583314192694544,0.0
7012,m6,38,18,78612,0.0028107644014667,8.661068417266398,0.0
7012,m6,39,17,67808,0.0036029259045178,11.5092189140923,0.0
7012,m6,40,18,78907,0.0034645334450922,17.83364267919058,0.0
7012,m6,41,16,24688,0.0046126302315617,3.7030794573293537,0.002
7012,m6,44,20,262856,0.001658560260314,10.34697037567617,0.001
7012,m6,45,22,19807,0.0130413371907025,4.3791572880544525,0.003
7012,m6,46,21,20111,0.0066097889148673,3.653481991308325,0.0
7012,m6,47,23,40021,0.0087054501885595,10.524074617395687,0.0
7012,m6,48,23,126534,0.0049053505302995,7.187720114818436,0.002
7012,m6,49,21,119889,0.0020753373091583,4.78245885079389,0.001
7012,m6,50,26,42374,0.0099748530909578,3.768811591083586,0.006
7012,m6,52,24,103650,0.001984900953921,6.9774018245250335,0.0
7012,m6,53,24,80159,0.0096028868458838,4.759319941850897,0.0
7012,m6,56,26,31819,0.0056694152424559,5.377900329325114,0.0
7012,m6,57,27,142565,0.0020413168888872,11.80573898099702,0.0
7012,m6,58,25,122107,0.0013910668099794,3.2137720817808337,0.012
7012,m6,59,31,78676,0.0051346397631688,12.803684927010917,0.0
7012,m6,60,30,71097,0.0030553304181337,10.10386457867005,0.0
7012,m6,61,30,82333,0.0020174154110018,3.990888372800403,0.002
7012,m6,62,31,65934,0.00269380648259,10.00835456060895,0.0
7012,m6,63,30,79496,0.0009021965776122,1.3040685751922203,0.105
7012,m6,64,29,54480,0.0095375631409853,5.597088879484678,0.0
7012,m6,65,28,63125,0.0066436082195914,5.997228137519791,0.0
7012,m6,66,26,61628,0.0019512193552783,2.1015816130033493,0.034
7012,m7,0,3,100271,0.02908248439681,30.192495036882097,0.0
7012,m7,1,0,9100,0.2190486259938797,25.809648583338152,0.0
7012,m7,2,0,3484,0.7464823056015337,15.185155931922049,0.0
7012,m7,3,3,31958,0.0218765132387152,7.663368227593397,0.0
7012,m7,5,5,91513,0.0057985094958429,11.655701100556907,0.0
7012,m7,6,4,90636,0.0129812132415459,27.4682045260655,0.0
7012,m7,7,6,25337,0.0273909803144076,7.12578806955009,0.001
7012,m7,8,4,10185,0.0198970262189775,9.665282229777295,0.0
7012,m7,9,5,18231,0.0632758977231295,30.08296990461318,0.0
7012,m7,15,8,19317,0.1778160821928554,19.966211536780538,0.0
7012,m7,16,9,30755,0.0086937687069672,6.002644051632982,0.002
7012,m7,17,8,3978,0.031154266438088,9.934040862383522,0.0
7012,m7,18,10,15903,0.0680211112856819,19.34809356181696,0.0
7012,m7,20,8,9681,0.3497901174860156,20.43962584811608,0.0
7012,m7,21,8,14749,0.0364479987575578,13.154760384331164,0.0
7012,m7,23,8,14417,0.3131703929532615,22.063401198926325,0.0
7012,m7,24,11,146263,0.0049122562771798,12.549466827808503,0.0
7012,m7,25,9,56098,0.0082017329052733,12.81816749518624,0.0
7012,m7,26,15,153723,0.0057035970533456,10.688958932675604,0.0
7012,m7,27,12,12895,0.0108991872623726,4.079408342084436,0.0
7012,m7,28,13,91990,0.0144694340219978,28.620717169510588,0.0
7012,m7,29,15,3344,0.0403166603051673,4.591792973358793,0.0
7012,m7,30,18,103173,0.0042897173785429,5.560376548319862,0.0
7012,m7,31,17,61087,0.0037659781053096,5.718740177125217,0.0
7012,m7,32,17,67228,0.0083943083306112,7.003049078577235,0.0
7012,m7,33,16,184806,0.0052997967606059,4.378654642545065,0.001
7012,m7,34,19,42143,0.008154918422462,7.847611726123407,0.001
7012,m7,35,19,126642,0.0026419750104958,7.980339355374013,0.0
7012,m7,36,20,45533,0.0040678702723982,2.0438141834946912,0.034
7012,m7,37,23,25846,0.0096637666941445,4.382659349769453,0.001
7012,m7,38,20,34442,0.0140593136855553,3.715108966892529,0.012
7012,m7,39,23,53430,0.0052099130640192,3.1052233039695607,0.006
7012,m7,40,21,61863,0.0149810034636526,1.3256514724596284,0.126
7012,m7,41,21,31659,0.0081737207262901,2.0145289865980467,0.042
7012,m7,43,26,192681,0.0016291246629545,3.371780903237954,0.001
7012,m7,44,24,229607,0.001007245235882,1.8787572476734653,0.048
7012,m7,45,25,136461,0.0016497637797604,2.715940388364717,0.007
7012,m7,48,30,76548,0.0071482454461153,7.783999014705926,0.002
7012,m7,49,31,145135,0.0019484162027267,8.453868573284588,0.001
7012,m7,50,30,150288,0.0013558181434644,4.095028443364956,0.0
7012,m8,0,2,10233,0.1664556292742429,20.646167556367057,0.0
7012,m8,1,3,59681,0.005532620071622,4.026037665015447,0.002
7012,m8,2,2,28911,0.0504430120744414,19.18462143838353,0.0
7012,m8,4,3,129797,0.0307397478894582,29.732919226850587,0.0
7012,m8,6,6,11636,0.0098714829855125,2.8552972910397867,0.008
7012,m8,9,5,10475,0.0978127071406485,39.67387259938963,0.0
7012,m8,13,4,89935,0.0123343650687904,26.7133081615056,0.0
7012,m8,14,5,94232,0.0066154998797897,12.787234933851598,0.0
7012,m8,15,10,50227,0.0253282998977681,33.34438362739709,0.0
7012,m8,16,11,81814,0.0035701113351132,6.027965328693031,0.0
7012,m8,17,10,4671,1.0525135681500977,16.86350616098898,0.002
7012,m8,18,11,3603,0.0406875257757363,2.1484028680349647,0.027
7012,m8,19,9,58227,0.0188706735124044,24.81554469901365,0.0
7012,m8,20,8,15292,0.0265680218582809,18.82968060990137,0.0
7012,m8,21,8,12922,0.0910194946810942,18.200693421858603,0.002
7012,m8,23,11,14138,0.0136013234319915,9.679624337092664,0.0
7012,m8,25,10,9698,0.0369741087696381,23.18227974970879,0.0
7012,m8,27,8,28822,0.156849752021326,48.570302196330914,0.0
7012,m8,28,9,52298,0.0156583531154768,15.39648970214694,0.002
7012,m8,29,15,107527,0.0086029862102086,9.701208920145517,0.001
7012,m8,31,13,1493,0.4309163552960647,4.976491331330805,0.001
7012,m8,32,12,42713,0.0162216353413253,16.93953277645332,0.0
7012,m8,33,12,98399,0.0205202639883634,64.52081851210676,0.0
7012,m8,34,18,76810,0.0082449530390201,4.34812689235283,0.001
7012,m8,35,19,55006,0.0036253676934776,5.738708533955772,0.0
7012,m8,36,16,210303,0.0071292266869553,9.829560975178476,0.0
7012,m8,37,19,24672,0.0067673349674473,5.375986786364755,0.001
7012,m8,38,16,16821,0.0115523424487256,8.74397089261582,0.0
7012,m8,40,17,119613,0.0031761135600877,7.216086187780916,0.0
7012,m8,42,23,42694,0.0032980868825511,4.371917156742708,0.003
7012,m8,43,23,38040,0.0073550342002876,5.540771606439043,0.0
7012,m8,44,21,67028,0.0073642717722212,7.302180874563629,0.001
7012,m8,45,23,42885,0.0069142182330585,8.523606959129356,0.0
7012,m8,47,22,137932,0.0034945374496073,10.140837747170766,0.002
7012,m8,48,26,25765,0.0042112139163528,3.732455158538718,0.001
7012,m8,49,27,57209,0.0031526994181252,4.342812782752074,0.0
7012,m8,52,24,87783,0.0019399692361795,6.756745096829267,0.0
7012,m8,54,27,97594,0.0029460481517859,5.881567997737105,0.0
7012,m8,55,26,128844,0.0024229910014955,1.2279532513289784,0.117
7012,m8,56,25,114926,0.0023597586393455,8.76781941739349,0.0
7012,m8,57,24,144836,0.0012631008432272,5.745772616552034,0.0
7012,m8,58,30,69446,0.001705213611384,4.038295673786492,0.0
7012,m8,59,31,59822,0.0026758061414129,5.979955072671372,0.004
7012,m8,60,31,90216,0.0045158828722665,12.31525191124653,0.001
7012,m8,63,30,65060,0.0040469914745363,6.312303772774008,0.001
7012,m8,64,28,35772,0.0051243400117521,3.3434360178680578,0.007
7012,m8,65,30,89858,0.0041756613259399,20.21767798466478,0.0
7012,m9,0,3,77267,0.0090087628348038,19.945991023425883,0.0
7012,m9,1,3,9467,0.0425235657797865,15.16239918295475,0.0
7012,m9,2,3,120575,0.0166305142105409,36.5601261361364,0.0
7012,m9,3,2,23261,0.0375368729730518,11.782502742968507,0.0
7012,m9,4,1,3415,0.3022480189870164,18.944913509733503,0.001
7012,m9,6,6,19315,0.0243116351229229,5.771722819177784,0.0
7012,m9,7,4,70172,0.0052653027500605,12.81793961915973,0.0
7012,m9,9,5,88980,0.0057893189584917,9.832193740760667,0.0
7012,m9,10,8,17284,0.0232691063922913,15.203374512405269,0.0
7012,m9,11,9,63432,0.0067452279453389,12.73727609093265,0.0
7012,m9,12,9,88571,0.014759298324954,12.058308291352985,0.0
7012,m9,13,8,34788,0.0237042051134847,11.90880732666624,0.0
7012,m9,14,10,144350,0.0057488889286984,15.175654215350844,0.0
7012,m9,15,10,28282,0.034270655110853,14.205466916940734,0.0
7012,m9,16,12,5864,0.0158257834221503,4.122262789668774,0.001
7012,m9,17,15,91458,0.0042472637414807,6.643445515683529,0.0
7012,m9,18,13,37640,0.0771538702475204,39.17493523269092,0.0
7012,m9,20,13,43154,0.0131533807329903,5.635119093394184,0.001
7012,m9,21,12,32631,0.0399567159013329,23.21556375372332,0.0
7012,m9,22,13,100592,0.0113141419740188,14.565605211937363,0.0
7012,m9,23,19,35182,0.0073136773270901,8.29955744038836,0.0
7012,m9,24,19,120386,0.0024856747504276,7.64106771401046,0.0
7012,m9,25,17,33022,0.00238288555682,0.1543505899511238,0.383
7012,m9,26,18,86465,0.0030311007332349,6.493014078559658,0.001
7012,m9,27,17,60779,0.0038386589827477,7.067690842576455,0.0
7012,m9,28,16,217736,0.0045334510579392,4.146302197039857,0.0
7012,m9,29,22,41411,0.0082718527461884,4.637422947358393,0.003
7012,m9,31,23,56724,0.0020237504094047,0.8114291216170451,0.189
7012,m9,32,21,40848,0.0040782223035569,4.7782407558283895,0.0
7012,m9,33,23,32773,0.0048582212999244,6.032226622517747,0.001
7012,m9,34,20,57235,0.003529859623859,6.678851425606588,0.0
7012,m9,35,22,108855,0.0027277678485653,5.039239822910459,0.003
7012,m9,36,26,149967,0.0015645690255181,1.963770785311158,0.032
7012,m9,38,25,181736,0.0012476752445725,2.77206886007802,0.008
7012,m9,39,24,209466,0.0014848787859338,5.499744333113982,0.0
7012,m9,40,27,90197,0.0032395821022356,1.8717041890211887,0.027
7012,m9,41,30,66200,0.0031404612471144,5.9492476781267225,0.002
7012,m9,42,28,47086,0.0028530017127346,2.196294425828908,0.026
7012,m9,43,31,71552,0.0028817786249541,5.6531425337215415,0.0
7012,m9,44,31,82980,0.003655064616869,11.606290748159804,0.0
7012,m9,46,30,136919,0.0013649892900165,5.964383101491631,0.0
7012,m10,1,3,78714,0.0050096792143503,11.634719643329378,0.0
7012,m10,3,3,70930,0.0340045465994885,29.250744584451787,0.0
7012,m10,4,4,55446,0.0129420288106747,18.510902219313653,0.0
7012,m10,7,5,22777,0.0223260492917915,14.80331464687805,0.001
7012,m10,9,5,88954,0.0079520076566289,16.449978744059806,0.0
7012,m10,10,8,985,0.0757759345441991,2.286911407449007,0.024
7012,m10,11,9,48197,0.0073470790166846,13.0543173098834,0.0
7012,m10,12,8,21185,0.023456700762254,22.47836399391021,0.0
7012,m10,13,10,8409,0.681479672403613,60.27075336160091,0.0
7012,m10,14,9,18668,0.0091019182755259,3.38333393475077,0.0
7012,m10,16,8,3676,0.0524973922960444,16.335803210717586,0.0
7012,m10,17,9,143033,0.0107790919314177,36.31491957390968,0.0
7012,m10,18,8,16960,0.24154167869687,26.930201050683404,0.0
7012,m10,19,8,3144,0.6449834876338217,26.6444955449329,0.0
7012,m10,20,10,19678,0.0208957044834568,15.461080455274018,0.0
7012,m10,21,10,137662,0.0070162743159951,17.308525576708593,0.001
7012,m10,22,12,21198,0.2862839263742813,24.570652500355564,0.0
7012,m10,25,13,39293,0.014414679713172,21.44651887743472,0.0
7012,m10,28,13,58308,0.0080335834271999,11.775006252041946,0.0
7012,m10,29,12,2904,1.487262276957338,27.62554979585588,0.0
7012,m10,31,13,104163,0.0122293250431756,30.872863916893444,0.0
7012,m10,32,16,176729,0.0037669645054364,6.657801869630796,0.0
7012,m10,33,19,101437,0.00621603805919,12.738098608355816,0.0
7012,m10,34,16,34246,0.0111965816611159,20.615868477154752,0.0
7012,m10,35,19,24020,0.0114396908288115,8.861635254444646,0.001
7012,m10,36,18,47854,0.01513467058888,4.068216836225275,0.003
7012,m10,37,17,117122,0.0029251945993509,2.4822111184634856,0.01
7012,m10,38,21,43650,0.0080152810381546,8.610816770681954,0.001
7012,m10,39,23,57512,0.0015129986736961,0.7780232207327169,0.203
7012,m10,40,23,32751,0.0072286627460608,6.703786144793782,0.001
7012,m10,41,21,54166,0.0088524980565897,6.164600807369776,0.0
7012,m10,42,22,130213,0.0053958734088708,11.476379306506562,0.001
7012,m10,43,24,112637,0.003858139407752,18.565711361520137,0.0
7012,m10,45,24,82193,0.0040665617433993,6.3176865530955455,0.001
7012,m10,46,27,69349,0.0075869703058477,0.7117666559126704,0.266
7012,m10,47,26,114289,0.0039759152808112,1.748691284907247,0.04
7012,m10,48,25,197475,0.0034984552695094,3.2637514272541,0.0
7012,m10,50,31,95558,0.0059110204509399,9.356080613930692,0.001
7012,m10,51,31,47201,0.0033574276660253,4.083073037022185,0.003
7012,m10,52,30,54960,0.0084411065066683,5.998688425783146,0.001
7012,m10,53,30,76272,0.0016373287587828,2.9813872319563086,0.006
7012,m10,54,28,58017,0.0068079686731472,4.206565119227936,0.003
7012,m10,56,30,90524,0.0020553059042342,8.09843772407869,0.0
7012,m11,0,3,19069,0.0276072863229187,10.436186897352307,0.0
7012,m11,1,3,58645,0.0031519757779461,-0.3182843122663681,0.605
7012,m11,3,4,79660,0.0069433848621372,11.93487033370742,0.0
7012,m11,5,4,65356,0.0111295422236229,24.42899788800067,0.0
7012,m11,6,6,37062,0.0228488662155431,11.125288380537194,0.0
7012,m11,7,9,49959,0.0126431484946919,20.26777054612986,0.0
7012,m11,8,10,145935,0.0057325602577867,13.70339800530143,0.0
7012,m11,9,8,14763,0.0274490523229998,7.275660133217709,0.0
7012,m11,10,11,5159,0.018887215513342,3.8001821949287296,0.002
7012,m11,11,9,123101,0.0107855073558336,18.472801544840067,0.0
7012,m11,12,9,23009,0.0121023913000728,10.55555681146073,0.0
7012,m11,13,8,4107,0.0407929512098248,11.33989595345172,0.0
7012,m11,14,8,20208,0.2145243600778127,22.02217182706491,0.0
7012,m11,15,13,8383,0.0110412159519051,3.4867138512399047,0.0
7012,m11,16,13,102678,0.0089745923111097,22.64008699059688,0.0
7012,m11,20,12,14377,0.6607494752483752,35.125228565095114,0.0
7012,m11,21,16,137042,0.0029286895881692,6.548642374190461,0.001
7012,m11,22,16,50630,0.0036263387134488,7.378123993339827,0.001
7012,m11,23,18,73223,0.0042402114407387,6.904730270985263,0.001
7012,m11,24,18,24588,0.0061453314573273,3.728013657989395,0.001
7012,m11,25,19,84747,0.0043190866209501,7.251940519734599,0.0
7012,m11,26,17,110790,0.0029620460426177,1.0976910821001915,0.156
7012,m11,27,23,44591,0.0066607308260327,6.410677790010921,0.0
7012,m11,28,21,57143,0.0042354438677227,7.798636192032493,0.001
7012,m11,29,23,55871,0.0042638298805898,9.048681531927356,0.001
7012,m11,30,23,37882,0.0052219520049962,5.722306386385518,0.002
7012,m11,31,22,140742,0.0045531842804721,9.960450524956473,0.0
7012,m11,32,26,120971,0.0011100751170301,-1.408728069800106,0.962
7012,m11,33,25,148615,0.0013187947505708,1.5054452663610605,0.078
7012,m11,34,25,31955,0.0038286351153613,3.209890028081461,0.002
7012,m11,35,24,200329,0.0016743007198913,7.680919604872805,0.0
7012,m11,36,31,62842,0.0046724291011122,7.275954459138153,0.001
7012,m11,37,30,74859,0.0016191382159337,2.3666715144242825,0.019
7012,m11,38,30,49905,0.0017436794854721,3.062498940236851,0.006
7012,m11,39,31,90810,0.0038090419108261,9.452840965854088,0.002
7012,m11,40,31,61611,0.0026267994875863,0.2071863888916311,0.384
7012,m11,42,30,55926,0.0022125649143603,5.508563304768421,0.0
7012,m11,43,28,58459,0.0060811505633698,5.885260521406331,0.002
7012,m13,0,3,16572,0.0528115314191661,12.022500191233776,0.001
7012,m13,2,0,2149,0.4111774756096588,15.489479469730531,0.0
7012,m13,3,2,27962,0.0440835005354447,6.473126310919056,0.0
7012,m13,6,4,67503,0.016567402495037,44.9189586398406,0.0
7012,m13,7,4,89863,0.0084793369344018,12.114564188663604,0.001
7012,m13,8,5,36068,0.023083836034864,2.492606535596692,0.009
7012,m13,11,10,74533,0.0124505739456339,10.875509337092351,0.0
7012,m13,12,8,4938,0.0408929892267706,20.47424771806583,0.0
7012,m13,13,8,23441,0.1731705638077646,41.53518296341641,0.0
7012,m13,16,8,10105,0.1989127408905701,40.353291367587296,0.0
7012,m13,17,10,6138,0.4586700836765666,20.662010757079766,0.001
7012,m13,19,12,8633,0.3042963424102501,16.415559374966037,0.0
7012,m13,20,14,4551,0.0268057461854759,7.52293922171201,0.0
7012,m13,31,12,4261,1.7861745778571838,35.28434472161058,0.0
7012,m13,32,12,6061,0.2068132901011179,33.79067880351993,0.0
7012,m13,34,16,114717,0.0020733933448823,0.1209284395090684,0.4
7012,m13,35,16,43797,0.0035806080742899,1.1972079241269602,0.133
7012,m13,36,17,88482,0.0026092410056615,2.3767294412206774,0.016
7012,m13,37,19,170289,0.0017328639173696,8.333472658485391,0.002
7012,m13,38,18,23693,0.0043674005626915,4.243252511027923,0.0
7012,m13,39,18,174039,0.0021646852683958,1.885342303035531,0.047
7012,m13,41,21,35442,0.0082909977377601,9.261831246375566,0.001
7012,m13,42,21,46359,0.0128162817052008,6.147832026248751,0.0
7012,m13,43,22,47199,0.0026704205866313,5.265693455080051,0.0
7012,m13,46,23,30060,0.0042896143788877,4.043840876313791,0.001
7012,m13,47,23,36204,0.0087656314141708,7.536026302246521,0.0
7012,m13,48,22,141994,0.0073103643084845,12.040924456517558,0.0
7012,m13,50,24,99628,0.0020375348679183,6.384629661911895,0.0
7012,m13,51,26,125261,0.0013186285094153,-1.1047792107327323,0.879
7012,m13,52,27,113414,0.0106012666726664,2.1923408671174056,0.032
7012,m13,53,24,104951,0.0036554868621693,6.028898360159223,0.0
7012,m13,54,25,196304,0.0013111577146659,3.081630640367264,0.002
7012,m13,55,27,58113,0.0056183267239171,-0.0085804756156026,0.49
7012,m13,56,31,54803,0.0019242917032623,2.199602715407358,0.026
7012,m13,57,31,108947,0.003303161221529,4.055493080055316,0.002
7012,m13,58,30,75367,0.001540063696643,2.532971770783578,0.01
7012,m13,60,28,86475,0.0035056210529582,4.282569233691411,0.001
7012,m13,61,30,150445,0.0022166360907449,9.030773460326834,0.0
7012,m15,0,2,96823,0.0668550387403249,9.837017562281622,0.0
7012,m15,1,3,9549,0.0599167486559575,8.6389835513557,0.0
7012,m15,3,2,68927,0.0086556239445,1.9702349008517883,0.049
7012,m15,4,4,1337,0.1079236000936253,4.787727054400778,0.0
7012,m15,6,4,57202,0.0181950126312674,8.225170816233472,0.0
7012,m15,7,4,97214,0.0093335911527343,9.77455035675542,0.0
7012,m15,9,9,9757,0.105792952266574,10.76535747934878,0.0
7012,m15,10,10,8988,0.0247974093075449,2.2124244314626536,0.021
7012,m15,12,9,10397,0.1248423052676876,19.329712714524323,0.0
7012,m15,15,12,2487,0.2217025512944306,16.7624729506901,0.0
7012,m15,16,12,1472,1.8414920198803888,36.02545246736466,0.0
7012,m15,17,14,2563,0.7857272592076282,20.404995538740728,0.0
7012,m15,19,14,9048,0.1697477142539774,20.135479654470835,0.0
7012,m15,21,18,27585,0.008981895097879,6.25414253210595,0.0
7012,m15,22,16,31583,0.0083967355364587,8.342630321644007,0.0
7012,m15,23,17,103310,0.0029270978072439,8.054614195096098,0.0
7012,m15,24,16,103790,0.0035710154331374,7.632135721570353,0.001
7012,m15,25,18,156174,0.0023948283912204,2.342657229748415,0.017
7012,m15,26,19,172655,0.0019664771642739,5.502539406565199,0.0
7012,m15,27,23,51113,0.0070367654285639,6.368801316323161,0.0
7012,m15,28,22,75260,0.007002386503894,1.9105785728832587,0.058
7012,m15,29,20,45849,0.0096185880441383,6.192543846434812,0.001
7012,m15,30,21,30358,0.0114290286748465,9.323211984051373,0.0
7012,m15,31,21,62830,0.0093662783218677,2.262796098596784,0.033
7012,m15,32,20,37431,0.0065747514462519,7.535725371159805,0.001
7012,m15,33,23,52285,0.0067927664112238,7.837673961523648,0.002
7012,m15,34,26,167677,0.0020935999810501,0.22848252178177,0.309
7012,m15,35,24,14871,0.0102848523130219,6.556931556546753,0.0
7012,m15,36,25,20076,0.0086250758891675,5.196273743761518,0.001
7012,m15,37,24,179034,0.0039630250426393,1.7004462560499445,0.039
7012,m15,38,27,111051,0.0073332200916982,4.787343101139436,0.0
7012,m15,39,25,207867,0.0021664551043376,-0.3288226899338937,0.636
7012,m15,40,30,6657,0.0114982118048158,2.229185465235234,0.02
7012,m15,41,30,42207,0.0080256698261378,11.059794892897528,0.0
7012,m15,42,30,71223,0.0014235633868807,0.933053896483936,0.162
7012,m15,44,28,64729,0.0040538806945963,2.855727672196444,0.009
7012,m15,45,31,136065,0.0013800055797961,4.360784552840962,0.001
7012,m16,0,3,10917,0.0849049196405769,20.57077279491695,0.0
7012,m16,1,2,69060,0.0057761953925975,0.9685099235526304,0.152
7012,m16,3,4,87707,0.0073557523169876,11.23944695803274,0.001
7012,m16,6,4,63202,0.0109361051150102,14.548051533911288,0.0
7012,m16,9,9,16275,0.0111487438699274,2.5711089110006635,0.005
7012,m16,11,9,12462,0.0119753941386743,4.195171966343917,0.0
7012,m16,15,14,3824,0.3675347207446056,24.575926943441008,0.0
7012,m16,18,12,1186,1.8370534188868792,39.63418554726322,0.0
7012,m16,19,14,6741,0.2841139908118483,27.66178805672192,0.0
7012,m16,20,12,1856,1.8799382984548347,29.5160679350926,0.0
7012,m16,22,16,117736,0.0033044788934179,8.120405192810141,0.0
7012,m16,23,16,36518,0.0059221249107414,7.570092440027081,0.001
7012,m16,24,18,27673,0.0036364170410481,2.436797064567117,0.017
7012,m16,25,17,117201,0.0021130585008465,10.261940222051354,0.0
7012,m16,26,18,230624,0.001324840378641,4.878417292592731,0.0
7012,m16,27,19,179379,0.0020825052702628,10.28091715171293,0.001
7012,m16,28,23,52228,0.0047063240807062,3.4519018727281896,0.0
7012,m16,29,21,29675,0.006077058068095,7.137760339467657,0.0
7012,m16,30,21,64903,0.0056913923795566,9.086520580236463,0.0
7012,m16,31,23,44199,0.0036918929609699,4.674579799899375,0.003
7012,m16,32,20,196939,0.0036095564558293,12.638190219552746,0.0
7012,m16,33,25,14935,0.0062775756962995,3.6919783260547216,0.002
7012,m16,34,24,17923,0.005971186249255,1.1572695252728418,0.131
7012,m16,35,26,111251,0.006596356907547,3.2732170470898354,0.0
7012,m16,36,27,131928,0.0058128141360955,2.99119660410137,0.004
7012,m16,42,25,87220,0.0011741158240674,3.95500483329369,0.0
7012,m16,43,25,76748,0.004870008235381,6.312913509886305,0.001
7012,m16,44,25,95433,0.0018903374956662,0.8740720195353864,0.196
7012,m16,45,24,192057,0.0007505765806595,1.219303954349117,0.121
7012,m16,46,31,75003,0.0102538375212357,16.65195918003688,0.0
7012,m16,47,30,49074,0.0045946412372156,8.735435703733286,0.001
7012,m16,49,30,85043,0.0010386910371679,1.0875109980200202,0.14
7012,m16,50,31,126389,0.0012799956395017,3.6380952156657176,0.0
7012,m16,51,28,116174,0.0022060676038247,4.542603833262091,0.001
7012,m17,7,6,25070,0.0268992491430109,13.022924338404373,0.0
7012,m17,8,4,81714,0.0084550552446554,1.65078150108494,0.077
7012,m17,10,11,9776,0.0137561752162794,4.314296741037349,0.001
7012,m17,13,9,49927,0.1165006881129412,2.244407034431964,0.025
7012,m17,14,13,15773,0.0307455654203932,7.289586686232804,0.0
7012,m17,15,18,3095,0.0286427320769461,4.366401611002646,0.0
7012,m17,16,14,6338,0.3022936194429715,19.82988439768718,0.0
7012,m17,17,14,1288,0.0460269705984275,1.200405677142612,0.117
7012,m17,18,13,7704,0.0740023913755342,11.548211017920131,0.001
7012,m17,20,18,37301,0.0133544622638062,5.319173130148621,0.0
7012,m17,21,19,179233,0.0094749883634281,7.446624901667483,0.0
7012,m17,22,17,119133,0.0051035835121739,8.585510601201184,0.0
7012,m17,23,16,151443,0.0043929755113349,10.492182719509442,0.0
7012,m17,24,18,183521,0.0116694245404569,5.100911882684612,0.0
7012,m17,25,21,51903,0.005781362358183,9.962571182913385,0.0
7012,m17,26,23,42921,0.0023892673920725,1.4526190579864788,0.08
7012,m17,27,21,32778,0.0058288530020707,7.823181532112724,0.0
7012,m17,28,23,43631,0.0050683891906617,7.22246721125296,0.0
7012,m17,29,22,172047,0.0028268076372168,7.913338865384689,0.0
7012,m17,30,22,8542,0.0054376933341895,-0.1291674662903902,0.518
7012,m17,31,27,145171,0.0019656479546499,0.9299469605047952,0.175
7012,m17,32,26,104994,0.0023435393538709,2.222446780955357,0.043
7012,m17,33,27,32778,0.0053102213010942,8.58400978138374,0.0
7012,m17,34,25,190086,0.0012416579916713,1.1513176576807214,0.152
7012,m17,35,24,221265,0.0010128941663272,2.840378104688908,0.002
7012,m17,37,29,23303,0.0053943252074252,4.6102331000747245,0.0
7012,m17,38,30,82156,0.0024828892966913,2.706097624286109,0.009
7012,m17,42,28,54709,0.0049786448174713,3.400886765565725,0.002
7012,m17,44,31,160326,0.0010715832767038,5.892564202721914,0.002
7012,m19,0,3,1669,0.1109089233634962,5.55539498633868,0.0
7012,m19,4,6,19219,0.0779499594201143,14.41822444493128,0.0
7012,m19,5,5,17003,0.0108833487336992,9.359886799745166,0.0
7012,m19,7,4,26129,0.080890575389519,16.804793554425938,0.0
7012,m19,8,4,91825,0.0099583089288552,9.497736588556876,0.0
7012,m19,11,11,10896,0.4463584697355438,49.33443453119797,0.0
7012,m19,12,11,840,0.2234838181269996,1.8718380085725688,0.043
7012,m19,13,9,8697,0.0352679950798415,0.8046917575267174,0.216
7012,m19,14,9,104202,0.0080150976815407,7.671468502845061,0.0
7012,m19,16,14,6053,0.4463189920720333,20.26211067231113,0.0
7012,m19,21,13,17009,0.2058784179761387,15.136913292790275,0.0
7012,m19,22,18,33204,0.0105057826138207,9.047444571292818,0.0
7012,m19,23,17,85480,0.0096155848731118,9.088392030334374,0.0
7012,m19,24,17,46256,0.0031415719337678,6.383842859793413,0.001
7012,m19,25,19,83533,0.0069227051312081,8.61619777119189,0.0
7012,m19,26,16,125927,0.0031054850248511,13.549541568621269,0.001
7012,m19,27,18,102723,0.0053671294865172,7.952949062452922,0.0
7012,m19,28,17,99701,0.007509098790475,11.920054106274792,0.003
7012,m19,29,20,36089,0.0105398727829246,10.587560892582824,0.0
7012,m19,30,21,32952,0.0058918520746276,6.896949445010513,0.001
7012,m19,31,20,150461,0.0033212294789549,5.917908629823066,0.001
7012,m19,32,23,45073,0.0057286267192748,3.1666387055579093,0.012
7012,m19,33,23,62214,0.0045610594098595,5.073304598203872,0.001
7012,m19,34,25,23650,0.0060060905551959,4.671271047685096,0.0
7012,m19,35,27,67239,0.00321285673278,4.626223934502048,0.0
7012,m19,36,25,78859,0.0072173581465976,1.5172786614255074,0.106
7012,m19,37,27,75974,0.0045186138057115,5.287637364052239,0.001
7012,m19,38,26,76789,0.0040368462126667,0.5922373248079779,0.25
7012,m19,39,24,193169,0.0021600729168095,2.889901718982018,0.001
7012,m19,41,30,103230,0.0008443683717675,0.7935322631669227,0.21
7012,m19,42,31,159334,0.0006151068482814,1.3362000424337916,0.098
7012,m19,43,28,77900,0.003812059362092,5.485847852328885,0.0
7012,m20,4,4,12361,0.0393196445390245,2.2410314520502266,0.026
7012,m20,5,4,92688,0.0038746931848734,6.648384621332314,0.002
7012,m20,6,6,63029,0.0492031201100089,12.533934612784009,0.001
7012,m20,9,9,128863,0.0043496943236128,5.725912576698764,0.001
7012,m20,10,9,8998,0.0222974207711748,0.696134588197412,0.225
7012,m20,20,18,70799,0.0088776781946183,12.326394327744124,0.0
7012,m20,21,18,98648,0.0016795980988985,2.964932698765508,0.002
7012,m20,22,17,94768,0.0044978827464624,9.451524176971413,0.0
7012,m20,23,16,63996,0.0062646649006821,6.352091644118685,0.0
7012,m20,24,19,52796,0.0066822311610573,11.34106767634991,0.0
7012,m20,25,17,149196,0.0040745947550549,21.58919304230216,0.0
7012,m20,26,20,106302,0.0059219127762194,18.54067506174589,0.0
7012,m20,27,22,110446,0.0046550775093603,5.653053929750542,0.0
7012,m20,28,23,65894,0.0078832131979854,16.67106612751184,0.0
7012,m20,29,21,46860,0.0110426656223149,15.35245231519746,0.0
7012,m20,30,23,39394,0.0084030206342873,6.886386377779343,0.002
7012,m20,31,20,47667,0.0059086541175912,12.101501252218496,0.0
7012,m20,32,24,186796,0.001343828444868,4.943529836633858,0.0
7012,m20,33,27,84609,0.0024500432449112,2.84986319428602,0.014
7012,m20,35,25,96613,0.0007527997381599,-0.4161958910032142,0.645
7012,m20,36,27,40096,0.0027845954319988,3.38121830486543,0.001
7012,m20,38,26,73596,0.002039356174041,-0.8419151224259147,0.791
7012,m20,40,25,125933,0.0010043519668318,2.088928589822216,0.034
7012,m20,41,29,21724,0.0063519570292507,5.873416271922699,0.0
7012,m20,42,28,126418,0.004546743115397,7.598482716456398,0.001
7012,m20,43,30,132729,0.0013572304642043,1.7084831780977283,0.061
7013,m1,0,0,101451,0.0048975239839898,8.33238999135165,0.0
7013,m1,1,1,18819,0.0809227413512602,30.74602443826707,0.0
7013,m1,2,3,45698,0.0249943466364236,14.879815130175611,0.0
7013,m1,3,0,1400,0.1476100681619554,4.80394289449008,0.001
7013,m1,9,3,41185,0.0091867687863352,6.022139887751797,0.001
7013,m1,10,5,34870,0.2539724841510444,56.77774777107084,0.0
7013,m1,15,6,49369,0.0158323420467796,14.712582028773609,0.0
7013,m1,17,8,24177,0.0300046605276814,17.94714949456302,0.0
7013,m1,18,11,20232,0.0412142782111638,6.196053219598286,0.0
7013,m1,20,11,16731,0.0723178679699479,31.161346077618663,0.0
7013,m1,24,15,57384,0.2019030925639639,41.61146897738574,0.0
7013,m1,25,12,12921,0.0173356018426748,11.686218110135458,0.0
7013,m1,26,15,85711,0.0101265361947246,19.80443142248344,0.0
7013,m1,29,17,91439,0.0016168432364382,0.8365830295207349,0.193
7013,m1,30,19,99102,0.0043533383287742,5.728003418127114,0.0
7013,m1,31,18,57627,0.0036116848578552,7.043479281195434,0.0
7013,m1,32,19,60663,0.0041703123609457,3.398717730041781,0.002
7013,m1,35,21,33756,0.0029261087923035,-0.0244248827446933,0.484
7013,m1,36,23,74460,0.0030793181382072,1.1083784287014913,0.15
7013,m1,37,21,69988,0.0024118864261944,0.5874141893305775,0.281
7013,m1,38,20,68613,0.001988036427993,0.8462597617324976,0.194
7013,m1,39,21,82969,0.0018515962762917,2.851989816051014,0.008
7013,m1,40,23,24239,0.0038872093728391,2.7908134349155955,0.007
7013,m1,41,22,171277,0.0028979638639878,9.581163703293315,0.001
7013,m1,42,25,37249,0.0029844424081603,2.6687054197701885,0.01
7013,m1,43,25,45706,0.0029558430202986,2.3735861338977724,0.017
7013,m1,44,24,18499,0.0038575121727292,0.5025577061928085,0.287
7013,m1,45,22,46336,0.0017111334034117,0.9147371433806422,0.163
7013,m1,46,24,9950,0.0433240051870223,6.06739807954744,0.0
7013,m1,47,26,75627,0.0032777327293765,-0.4905249772689105,0.676
7013,m1,48,29,78819,0.001169699786995,0.3698217980363796,0.337
7013,m1,49,24,37218,0.0126997272847336,31.26216997557636,0.0
7013,m1,50,27,86040,0.0023245959249194,4.769729623069839,0.0
7013,m1,51,27,69748,0.0032566945655511,2.6726460120813376,0.011
7013,m1,53,21,6185,0.0069494428019982,-0.5701732154222996,0.696
7013,m1,54,28,114741,0.0025091308671995,11.74518318815489,0.0
7013,m1,55,31,67198,0.0015393033678334,-0.6551681517694188,0.724
7013,m1,56,30,106591,0.0021727083278089,5.970846402419328,0.0
7013,m1,57,29,94739,0.002860365532919,1.1396347998558165,0.142
7013,m2,0,2,63884,0.0039639730364098,7.065809046847683,0.001
7013,m2,1,3,33616,0.0428613125038251,19.40102318138772,0.0
7013,m2,2,1,21598,0.2261745204039975,84.53157870581508,0.0
7013,m2,3,3,37656,0.0498452245229358,21.059969069548384,0.0
7013,m2,4,1,82816,0.004483610806433,10.975728304696432,0.0
7013,m2,9,6,31219,0.0504131755948713,27.322205936286387,0.0
7013,m2,11,6,17054,0.4028620574119014,78.6301512857583,0.0
7013,m2,12,5,21462,0.4079135707717677,29.363623155341845,0.001
7013,m2,13,6,37993,0.014572396095675,12.774791354787029,0.001
7013,m2,21,10,19993,0.0276801571511388,32.19456540422672,0.0
7013,m2,22,10,10923,0.0073995232567693,1.4708323415446878,0.081
7013,m2,26,9,1160,0.6433057802009625,41.86216398265344,0.0
7013,m2,27,8,25190,0.0127233321708157,9.24424832361194,0.0
7013,m2,38,14,67732,0.0269216808083865,12.656623574559744,0.003
7013,m2,39,15,87568,0.1400865812157807,36.05821267663669,0.0
7013,m2,40,14,7052,0.0238194309086105,4.284929326497815,0.002
7013,m2,41,15,39066,0.0211697461917839,22.94673232379291,0.0
7013,m2,44,19,91961,0.0036953487238632,8.586882821392393,0.0
7013,m2,45,19,72262,0.0113328311693246,11.670673244866068,0.002
7013,m2,46,17,96390,0.001897597477131,6.230897376799048,0.0
7013,m2,47,18,55602,0.0036211838515564,8.212261466359497,0.002
7013,m2,48,16,48320,0.003513374780269,5.773699038295199,0.001
7013,m2,49,21,58181,0.0028156722014718,2.291943127074344,0.021
7013,m2,50,21,61957,0.0011132045829743,-0.0762699658559867,0.49
7013,m2,51,20,24427,0.0074507632180246,3.491751204364298,0.001
7013,m2,52,22,193782,0.0021083002013291,10.4946566983101,0.0
7013,m2,53,21,14175,0.0052118474533874,1.533308573770792,0.089
7013,m2,54,23,52717,0.0067711100421911,2.2833006596674448,0.017
7013,m2,55,27,89683,0.00341695021523,5.063230550341081,0.002
7013,m2,56,27,31923,0.0065020777321969,2.119834481268194,0.037
7013,m2,57,26,85071,0.0033258808434883,3.135995564993974,0.002
7013,m2,58,26,60237,0.0034592786692169,8.024283144930791,0.0
7013,m2,59,24,24375,0.0062959534047472,4.443618206881688,0.003
7013,m2,61,25,50587,0.0020517731992515,2.0397917084687736,0.024
7013,m2,62,24,46672,0.0104263880317045,33.09078367676379,0.0
7013,m2,63,25,111148,0.0010509052015373,2.41460257701021,0.019
7013,m2,64,30,70895,0.002263625429304,7.803605353702908,0.0
7013,m2,65,30,58797,0.0025117137632894,7.841736089437656,0.0
7013,m2,66,29,90381,0.0034903815099292,4.130436103867851,0.001
7013,m2,68,28,106549,0.0019645580059447,9.040298873233308,0.001
7013,m2,69,31,117029,0.0011417366197313,5.824502208020891,0.0
7013,m3,0,0,50650,0.0046958538108532,4.775976789458328,0.0
7013,m3,1,3,37659,0.0416882876178398,22.698301304724616,0.0
7013,m3,2,1,13173,0.1039337537217634,24.76789602970956,0.0
7013,m3,3,0,1377,0.2184665631577497,8.737490049626878,0.0
7013,m3,4,3,47913,0.0096846345923398,14.383139902652022,0.0
7013,m3,5,2,45373,0.0023534490479226,0.1050304913572267,0.437
7013,m3,7,1,78162,0.0033579688917682,7.788092827402151,0.0
7013,m3,8,5,30823,0.043443118178907,25.780654862226864,0.0
7013,m3,9,6,14585,0.1068460767073868,18.259804280148124,0.001
7013,m3,10,6,16366,0.2231336739549295,20.8908306876674,0.001
7013,m3,12,5,18217,0.7224000981128708,60.71159383099319,0.0
7013,m3,15,11,53999,0.0036185891501701,2.462897638583516,0.022
7013,m3,16,9,4978,0.0783176228460584,21.641581186538904,0.0
7013,m3,17,9,13613,0.0362823450731451,17.888139013945782,0.0
7013,m3,18,10,10514,0.0300479430988452,5.842398752223996,0.0
7013,m3,19,8,8727,0.0125043363261615,4.182214413225615,0.002
7013,m3,20,10,32465,0.004871682122133,0.7048277785316742,0.185
7013,m3,23,14,7433,0.0082779805022596,1.7443315674276425,0.055
7013,m3,24,13,13364,0.003638178377576,-0.6512983113206358,0.731
7013,m3,25,14,20085,0.0073366342545522,7.816434765602128,0.0
7013,m3,30,15,15627,0.0138397473890335,11.866101695617363,0.0
7013,m3,31,13,20471,0.0056804517977544,2.6989708881369774,0.011
7013,m3,37,18,49348,0.0033932796838752,7.160367744834471,0.001
7013,m3,38,17,98851,0.0020805536266873,6.773105812643683,0.001
7013,m3,40,19,94586,0.0037396768947111,8.905922956722314,0.0
7013,m3,41,18,73233,0.0020898994772138,4.915903515911395,0.0
7013,m3,42,16,42406,0.0026545071353763,3.2710996897836355,0.005
7013,m3,43,17,40977,0.0057202192548773,11.728266746334144,0.0
7013,m3,44,22,26346,0.0035235312577854,1.5157494793625574,0.072
7013,m3,45,23,92103,0.0012240160148514,1.6421232005162634,0.047
7013,m3,46,20,93366,0.0012160709306276,3.2830022737898035,0.003
7013,m3,47,21,57357,0.0022012540638421,3.336619437968136,0.005
7013,m3,48,21,54208,0.002030149871083,2.388389323484049,0.017
7013,m3,49,22,177808,0.0013793799974889,4.048009770272912,0.0
7013,m3,51,25,91193,0.0010217756238145,2.545183005325862,0.009
7013,m3,52,25,46683,0.0018644889934485,1.863438022461624,0.033
7013,m3,53,24,46108,0.002270129800111,3.4670754704390285,0.002
7013,m3,54,26,87106,0.0029782021602931,7.1833457179656826,0.0
7013,m3,55,26,66805,0.0016038170109478,1.8481049531106903,0.048
7013,m3,56,27,83225,0.001695464233001,4.448924918473958,0.0
7013,m3,57,25,54448,0.0017839892798803,3.8230993858100297,0.002
7013,m3,58,27,31380,0.0058913649135055,6.054466237140248,0.0
7013,m3,59,31,27489,0.0035275444133942,2.153578329088661,0.022
7013,m3,60,31,19136,0.0038033269109303,0.6804890434180815,0.224
7013,m3,61,31,50501,0.0013988563451556,1.294834862658334,0.098
7013,m3,62,29,66572,0.0026274421041408,3.233795957314227,0.003
7013,m3,63,30,91710,0.0025717079933501,9.004250931903204,0.0
7013,m3,64,28,105689,0.0019413391124931,8.977692963144648,0.0
7013,m4,0,3,51257,0.0258793478389103,15.98280708118166,0.0
7013,m4,1,2,21494,0.2998877500512268,66.81554591854056,0.0
7013,m4,2,1,65901,0.0036516718932559,7.472862631491382,0.0
7013,m4,3,0,21086,0.0234506018643196,12.28943498539136,0.0
7013,m4,4,0,1214,0.2860821290417384,12.738903760089688,0.0
7013,m4,6,7,51866,0.0108249413300739,15.80034556051704,0.0
7013,m4,7,5,16830,0.0604875242331766,25.177140239004498,0.0
7013,m4,8,4,61623,0.0094314803349658,18.547746486054987,0.0
7013,m4,9,6,24938,0.2343428751416946,48.19845091610929,0.0
7013,m4,10,7,13491,0.250726726231237,67.62081483884843,0.0
7013,m4,13,11,8854,0.0131026269024567,6.0584743817067865,0.0
7013,m4,14,9,9065,0.0162079328850192,8.617397660112914,0.0
7013,m4,16,8,13444,0.0099072670637029,5.265631797006659,0.0
7013,m4,17,11,32175,0.0060522636402557,4.947709903773368,0.0
7013,m4,18,12,25352,0.0135139572875505,11.26867184724046,0.0
7013,m4,19,13,64158,0.0114823250276599,16.630749046993,0.0
7013,m4,20,14,26110,0.0100690972731257,15.860625990772231,0.0
7013,m4,21,13,22150,0.0142761554720287,14.972126676690934,0.0
7013,m4,23,15,29222,0.0159813810218609,4.901898365706728,0.001
7013,m4,24,15,32848,0.0211179008633481,11.777294997596789,0.0
7013,m4,25,19,136405,0.0083007563487065,13.225229448164,0.001
7013,m4,26,17,94129,0.0032375534248828,7.918501957981446,0.001
7013,m4,27,16,45144,0.0063545820937554,8.1847315289483,0.001
7013,m4,28,18,63959,0.0034409038572806,2.846388347037888,0.01
7013,m4,30,18,57246,0.0038835329299018,5.231067709296398,0.0
7013,m4,31,23,121002,0.0024713576548481,5.092351991252606,0.001
7013,m4,32,22,31487,0.0046964678832693,2.232333461804079,0.028
7013,m4,33,21,67269,0.007424470282781,2.4164116366372763,0.005
7013,m4,34,22,168213,0.0037717631100263,11.689381140592904,0.0
7013,m4,35,21,40273,0.0062115373716884,3.1059619550029467,0.0
7013,m4,36,20,128187,0.0023994094964438,0.7269164282432623,0.242
7013,m4,37,25,39640,0.007269269641893,8.878775069344991,0.001
7013,m4,38,27,102511,0.0075892941677845,9.309006671408312,0.0
7013,m4,39,26,67850,0.003545382777948,6.4671847879221,0.0
7013,m4,41,25,187751,0.0031089500441138,13.479402647626465,0.001
7013,m4,42,26,96237,0.0098699895298098,2.479049491857715,0.009
7013,m4,43,24,101179,0.0012161168982338,3.066662850479215,0.008
7013,m4,44,27,72568,0.0043976440312199,10.436284896967615,0.0
7013,m4,45,31,26241,0.011171292641694,6.436806382936408,0.0
7013,m4,46,29,52984,0.0069557852276726,5.993851833353783,0.001
7013,m4,47,30,80934,0.00273443932909,1.6803533986290935,0.058
7013,m4,49,28,112238,0.0048034206220774,19.191128898017144,0.0
7013,m4,50,31,78038,0.0053914349269368,3.959611727422087,0.001
7013,m5,1,3,47720,0.0191841779179615,13.228649513299894,0.0
7013,m5,2,3,57514,0.0076654578841319,17.055848460113904,0.0
7013,m5,3,0,1608,0.3180244887377669,14.840547364302134,0.0
7013,m5,5,0,28618,0.0080369990242164,14.564146855682466,0.0
7013,m5,6,4,68056,0.0069105399129606,18.34322933768838,0.0
7013,m5,7,5,21018,0.1893944125385517,64.31041691127922,0.0
7013,m5,11,11,39328,0.0096612063566128,12.660976050015757,0.0
7013,m5,12,10,58512,0.0088152991854504,18.64877685205148,0.0
7013,m5,13,8,13925,0.0108844238420701,5.547144568714465,0.0
7013,m5,14,9,23806,0.0098121236210745,9.12328990817094,0.0
7013,m5,16,11,71923,0.0094394768416264,15.272781201731243,0.0
7013,m5,17,15,113960,0.0041138927626663,14.064140924933596,0.001
7013,m5,18,13,14678,0.0231818436828963,13.006549555818763,0.0
7013,m5,19,14,26925,0.0069992533681857,6.845945682189695,0.0
7013,m5,20,13,79236,0.0087084431953873,12.780286857928154,0.001
7013,m5,22,19,129982,0.0118247813652868,31.06607635089929,0.0
7013,m5,26,16,30849,0.0107283051829935,13.444450337205524,0.0
7013,m5,27,18,53976,0.005355514385652,13.7884206080763,0.0
7013,m5,29,21,35527,0.0072194273026637,3.122143286297143,0.004
7013,m5,30,22,178748,0.0029581206778443,15.312813465073988,0.0
7013,m5,31,21,70616,0.0016618222692314,2.744318775948119,0.012
7013,m5,33,23,115444,0.0040881706477259,1.7390314113395675,0.049
7013,m5,36,20,126572,0.0037085307815759,1.369467758960012,0.083
7013,m5,37,26,92480,0.0087619521027187,6.776292079071323,0.0
7013,m5,38,26,70135,0.0023922266875178,3.0258190457818097,0.009
7013,m5,39,27,118794,0.0040624589596784,8.06663243485085,0.001
7013,m5,40,25,35089,0.0092102480052882,6.95638635017936,0.003
7013,m5,41,27,67459,0.0037930713614684,4.679388911144204,0.0
7013,m5,42,24,102744,0.0013416181873768,3.525224942959806,0.004
7013,m5,43,25,184585,0.003232199670091,12.363098809685187,0.001
7013,m5,44,31,24273,0.0105952991528219,7.425369546648224,0.0
7013,m5,45,28,108551,0.0043368564953709,19.75366154224276,0.0
7013,m5,46,31,85619,0.0044398520224999,6.072870760810423,0.0
7013,m5,47,30,105200,0.0034987555115284,9.79907951806342,0.001
7013,m5,48,29,106133,0.0023281879163703,2.9729215466128305,0.009
7013,m6,0,3,133014,0.0027490904215659,14.385949449888948,0.0
7013,m6,2,0,1541,0.2717326702174472,15.159547074309913,0.0
7013,m6,4,5,28623,0.1631707042940349,52.80041475053654,0.0
7013,m6,11,4,63927,0.0064898232706648,12.759660331605346,0.0
7013,m6,12,10,118550,0.0019764649654651,2.6650764244436784,0.008
7013,m6,13,8,85328,0.0077020237293215,10.8399060925573,0.0
7013,m6,16,9,54135,0.007594845424155,9.461899497680932,0.0
7013,m6,17,15,47620,0.0091829066781706,8.028052469917917,0.0
7013,m6,18,14,30113,0.0090523811867329,12.617930091707988,0.0
7013,m6,20,13,28224,0.0091368568093067,13.574477401685362,0.0
7013,m6,21,18,121153,0.0028367558364126,8.38983676768123,0.003
7013,m6,22,17,28135,0.0072512753279957,5.1306132148570525,0.004
7013,m6,24,19,164826,0.0059696452891524,15.210228594571266,0.0
7013,m6,25,17,100748,0.005313374880021,10.717580242800206,0.0
7013,m6,26,21,72455,0.0034325183000216,7.02394137468122,0.0
7013,m6,27,23,109773,0.0030405044624032,3.088338007779086,0.001
7013,m6,28,20,120957,0.0055286068678589,4.000925723817368,0.005
7013,m6,29,21,32071,0.002746084821966,2.547263075621429,0.014
7013,m6,30,22,42273,0.0068945256525899,4.239302923356305,0.002
7013,m6,31,22,158360,0.0023684758909408,13.715833942219444,0.0
7013,m6,32,26,21087,0.0092721939104553,5.835882476570914,0.001
7013,m6,33,24,42318,0.0056487272051209,10.768275074664045,0.0
7013,m6,34,26,92242,0.0075524819106,6.261741649192643,0.001
7013,m6,35,24,90321,0.0030785005650702,2.229737087999201,0.024
7013,m6,37,27,157132,0.0038538003958682,5.942394334175767,0.001
7013,m6,39,27,77244,0.0044910961932643,11.581371945915226,0.0
7013,m6,40,25,202470,0.0030942994914399,12.289397667491947,0.0
7013,m6,43,29,71027,0.0028954654689704,6.1812267357316735,0.002
7013,m6,44,29,89697,0.00443917966675,3.033898490100553,0.01
7013,m6,45,31,78543,0.005635697111018,5.578226128779625,0.0
7013,m6,46,28,106433,0.0042063209584522,17.14364149019799,0.001
7013,m6,47,30,114617,0.0024442139223991,6.422178558292468,0.0
7013,m7,1,3,123618,0.0084231422267564,3.102036966179784,0.005
7013,m7,2,3,29766,0.0459171548485255,3.5063579708208987,0.002
7013,m7,3,2,12483,0.0068908311832452,-1.0859156306270925,0.876
7013,m7,4,0,75176,0.0061829910304462,3.2685031303541474,0.001
7013,m7,6,5,29065,0.1628784825250244,32.737291881069815,0.0
7013,m7,8,4,56430,0.0065057887843659,3.2410665438536035,0.004
7013,m7,11,11,96241,0.0037345490148522,6.169353386340768,0.001
7013,m7,12,9,50227,0.0128216829174231,-1.4832664939317803,0.948
7013,m7,13,10,55818,0.0043411703542761,1.5944204371020056,0.069
7013,m7,14,8,34483,0.0157865381852782,3.270879606757218,0.001
7013,m7,15,10,92054,0.0036080324462172,5.958536824780573,0.002
7013,m7,16,13,34533,0.0060867968515192,5.102007813334167,0.0
7013,m7,17,14,8879,0.0994252183408991,10.3438217334017,0.0
7013,m7,18,14,17177,0.0189922993662307,4.488803086104299,0.0
7013,m7,22,12,13963,0.0267268487903142,0.5830096508649096,0.273
7013,m7,23,15,51344,0.0182686052270094,0.2861181494990601,0.343
7013,m7,24,18,27841,0.0057573643756197,7.617707683559089,0.0
7013,m7,25,18,72599,0.0034786813255304,15.262254341129047,0.0
7013,m7,26,17,102383,0.004639533628248,16.276855435667773,0.0
7013,m7,27,19,149036,0.0054474252910557,24.30402636139392,0.0
7013,m7,29,17,42051,0.0072010749135029,12.723908354112837,0.0
7013,m7,31,21,43264,0.0019317716780046,2.202348463667592,0.02
7013,m7,32,21,65595,0.0036816052573023,4.70518585341211,0.002
7013,m7,33,20,107050,0.0036804352644424,2.189530692330269,0.034
7013,m7,34,22,60619,0.0015138487967106,-0.1653471071561294,0.56
7013,m7,35,23,100965,0.0018301688680906,1.501851514488478,0.057
7013,m7,36,22,150409,0.0022895922347767,6.992052642851997,0.0
7013,m7,37,24,46903,0.0046550843855385,8.498936421138882,0.0
7013,m7,38,27,118987,0.0023257752215081,5.5343756506162425,0.0
7013,m7,39,29,62974,0.001818304379382,2.5905135949017017,0.01
7013,m7,40,25,177858,0.0026746591186876,4.265180265470777,0.0
7013,m7,41,24,84709,0.003256555230584,1.4764871825386148,0.079
7013,m7,42,26,104655,0.0042973908307246,10.108451539089709,0.001
7013,m7,43,27,64697,0.0053618365395445,8.130296545783072,0.002
7013,m7,44,31,30967,0.0088281464651837,9.758766585605771,0.0
7013,m7,45,31,43892,0.0021278684697251,3.427772741432748,0.001
7013,m7,46,29,87895,0.0033437471778888,9.080458601410577,0.0
7013,m7,47,31,65124,0.0083782472933241,7.025579932829049,0.0
7013,m7,48,30,63391,0.0059777510302,12.742122138540896,0.0
7013,m7,49,30,93021,0.0029516632501583,6.463898937278681,0.003
7013,m7,50,28,116880,0.0034835265303831,14.152743164589635,0.0
7013,m8,0,1,8086,0.0105406405110902,4.276774199503445,0.0
7013,m8,3,0,33179,0.0077101950123598,13.080744662784118,0.0
7013,m8,4,0,899,0.3209359480277443,13.5311520936307,0.0
7013,m8,5,3,63240,0.0119666839154924,14.331367841829575,0.0
7013,m8,6,1,35431,0.0187276644801983,10.54334906910258,0.0
7013,m8,7,2,142279,0.0071979486764202,18.527066245828752,0.0
7013,m8,8,5,23760,0.1625357685418114,74.8918357933541,0.0
7013,m8,9,5,37328,0.2452880799265875,33.90311782974334,0.0
7013,m8,11,6,53063,0.0101415983845818,18.58363928600364,0.0
7013,m8,15,10,99330,0.00416114741445,10.971277133381127,0.0
7013,m8,16,9,5894,0.0340371696402438,13.084061870451343,0.0
7013,m8,19,10,51056,0.0059174080523442,5.490685956380881,0.0
7013,m8,21,14,18263,0.0077974336162052,7.721061795970588,0.001
7013,m8,25,13,62001,0.009653539226918,18.922862080153653,0.0
7013,m8,26,16,35410,0.0066666957026752,6.852582905576487,0.0
7013,m8,27,17,80510,0.0043724910580202,7.0813747781608525,0.001
7013,m8,28,18,106369,0.0040046022327097,12.200220966067278,0.0
7013,m8,29,19,141650,0.0044325354702002,14.655754897338356,0.001
7013,m8,30,17,21681,0.0082888713755904,8.556820750480085,0.0
7013,m8,31,21,59751,0.0016271522368002,1.5524538032084634,0.08
7013,m8,32,22,156430,0.0043929284175422,7.741752763455394,0.002
7013,m8,33,22,83596,0.0053157740115195,13.428289965362142,0.0
7013,m8,34,20,82574,0.0048355457304956,5.337377128808729,0.0
7013,m8,35,23,61240,0.0022726049054591,-0.3850391879431086,0.602
7013,m8,36,25,33925,0.0028919834466196,2.402921359719975,0.011
7013,m8,37,24,35893,0.0046353013207259,0.9899084543474658,0.166
7013,m8,38,27,73926,0.0051020374097045,12.785639721494174,0.0
7013,m8,39,25,143238,0.0014511082904853,0.0561279152189488,0.398
7013,m8,40,26,17839,0.0068479809916838,3.253293427370533,0.003
7013,m8,41,27,104606,0.0074080052261917,8.5759752388826,0.0
7013,m8,42,26,163039,0.003843395012542,3.083038153823343,0.004
7013,m8,43,27,62197,0.0064361204525753,18.020396303121306,0.0
7013,m8,44,24,65160,0.0019135981648198,-0.143216241879745,0.496
7013,m8,45,29,70701,0.0036931065179805,9.057449782646035,0.0
7013,m8,46,30,72529,0.0059629734301532,14.293073359784945,0.002
7013,m8,47,30,52516,0.0106746723724793,8.647381657497283,0.0
7013,m8,48,28,111528,0.0028876779561264,15.396637649162072,0.0
7013,m8,49,29,110150,0.0027866189046716,3.7289824412367687,0.0
7013,m8,51,31,93029,0.0040903008268036,12.659376243643198,0.001
7013,m9,0,3,91711,0.0045077930439526,14.574959366061222,0.0
7013,m9,1,3,57934,0.0302939046749648,31.7938392449264,0.0
7013,m9,2,0,1120,0.2239687486725872,9.379670101784626,0.001
7013,m9,3,1,25761,0.0106455983812006,8.156955133302015,0.001
7013,m9,5,5,28693,0.162572978062781,53.5368346480871,0.0
7013,m9,7,5,18818,0.0945114211581957,28.101226021729754,0.0
7013,m9,8,6,60021,0.0090521639389574,16.77980043785377,0.0
7013,m9,11,11,22691,0.0196762350399714,8.598881751276865,0.0
7013,m9,12,8,59351,0.0040945116654041,6.222562098185744,0.0
7013,m9,13,9,61840,0.0035176477001996,2.38797824333536,0.021
7013,m9,14,10,47499,0.0026934126457217,2.5100447560436727,0.012
7013,m9,16,14,37852,0.0067029211414367,10.033764023449296,0.0
7013,m9,17,12,12209,0.0078622298902312,5.164956631032706,0.0
7013,m9,18,12,50638,0.0038688890728708,5.829126542476576,0.0
7013,m9,19,15,19871,0.0118846885305767,12.713134034375967,0.0
7013,m9,20,15,20291,0.004575027775145,3.9479363991624985,0.001
7013,m9,21,18,33424,0.0088128903119897,9.700962018848408,0.001
7013,m9,22,16,34134,0.007192040971473,8.826622640657058,0.001
7013,m9,23,19,136612,0.0038227638459191,17.98545276029192,0.0
7013,m9,24,17,89826,0.0044224085492097,9.96372708788321,0.001
7013,m9,26,22,102327,0.002407458009448,11.631134684994066,0.0
7013,m9,28,22,100381,0.0037880996440166,8.41475468187035,0.0
7013,m9,29,23,76424,0.0057277477636159,4.876558958220174,0.0
7013,m9,30,21,61965,0.0038609440557217,6.551132030732741,0.001
7013,m9,32,20,75747,0.0064419547465488,1.9316299311995115,0.045
7013,m9,33,22,63107,0.0072293684877221,15.813734720508153,0.001
7013,m9,34,26,150034,0.0041312474671312,7.114106526296256,0.001
7013,m9,35,27,59992,0.0043400186830238,10.00340619490754,0.0
7013,m9,36,25,45084,0.0061865916375033,9.129585786978865,0.001
7013,m9,37,24,91734,0.0014493810262526,-0.0544816519910541,0.498
7013,m9,38,25,133530,0.0007486111850528,-0.1271155674038785,0.508
7013,m9,39,27,158449,0.0022169667174806,3.034380976427616,0.007
7013,m9,40,28,55439,0.0097238107087658,16.273646223937742,0.0
7013,m9,41,29,76834,0.0017287546360487,3.511710703591016,0.002
7013,m9,42,31,23094,0.0077307297263494,6.581684758559915,0.001
7013,m9,43,31,35490,0.0033326742471901,5.46312718879037,0.0
7013,m9,44,28,51046,0.0024473517325682,9.055901900200404,0.0
7013,m9,45,29,131563,0.0023237906746361,6.658774175468608,0.002
7013,m9,46,31,86728,0.0041962238980143,14.230881624123535,0.0
7013,m9,47,30,115208,0.0065931514386921,20.213737154754863,0.001
7013,m11,0,0,7029,0.0314649889495188,5.341898980868636,0.0
7013,m11,2,0,9440,0.0183613499775471,2.612393119763077,0.013
7013,m11,3,3,30264,0.021514981969582,3.862788744203871,0.001
7013,m11,5,3,7899,0.0729042840616783,17.84729868193184,0.0
7013,m11,7,6,41660,0.0084884407906274,4.039232750529407,0.001
7013,m11,8,6,8374,0.0124419017668545,3.827057761611196,0.001
7013,m11,9,4,33023,0.0834968781632487,38.91408861169216,0.0
7013,m11,10,5,31061,0.0112431022203957,14.110196418226948,0.0
7013,m11,11,5,4776,0.34947661125158,23.947386636676946,0.001
7013,m11,12,5,1907,0.1094501368429668,11.060111116476463,0.0
7013,m11,16,9,19114,0.0113543142713033,0.2186472485083247,0.381
7013,m11,18,10,75058,0.0028306557886992,2.5939431420925607,0.009
7013,m11,21,10,34082,0.0065332088193442,1.296047715713535,0.104
7013,m11,23,14,47752,0.0052493185229266,4.108519284259043,0.0
7013,m11,27,15,28666,0.0054704784516984,3.8711431840170576,0.002
7013,m11,28,12,17807,0.0100096241506285,10.842306842972867,0.0
7013,m11,30,18,109085,0.0033589550177723,6.193201481558684,0.0
7013,m11,31,19,105266,0.0034227193313422,10.187153899557863,0.0
7013,m11,32,17,86421,0.0048455172213577,7.73279489265584,0.001
7013,m11,35,20,71406,0.0033815853802024,4.3087621532215445,0.002
7013,m11,37,21,40420,0.0062141766233311,5.342548351991019,0.0
7013,m11,39,21,60831,0.0064676954435073,5.388848667889632,0.002
7013,m11,40,23,58263,0.0040969290847758,2.0359923815263903,0.036
7013,m11,41,22,98335,0.002459781824491,2.5261819129892986,0.01
7013,m11,42,22,150549,0.0051094301380575,1.0934291375461689,0.139
7013,m11,44,27,62133,0.0060070616304288,12.751652103023602,0.001
7013,m11,45,25,120913,0.0037865210114313,7.6911337187559,0.003
7013,m11,46,25,45805,0.0042808698340332,6.613235209757183,0.003
7013,m11,47,24,66835,0.0055596108133728,3.842867625810881,0.002
7013,m11,48,26,11319,0.0082633526664855,2.3020134845346525,0.017
7013,m11,49,26,177494,0.0029758274675427,11.770333047896068,0.0
7013,m11,50,27,210745,0.0028066963933305,6.073888385592698,0.001
7013,m11,52,29,120302,0.0030308124887785,8.734108713071867,0.0
7013,m11,53,29,77484,0.0023276497135458,7.761251377578186,0.0
7013,m11,54,28,47898,0.008616475392266,13.04920420611441,0.0
7013,m11,55,28,60421,0.0062045779295665,15.13358606884393,0.001
7013,m11,58,31,82075,0.0044475388914877,12.67445793060092,0.0
7013,m11,59,30,109015,0.0023210316394865,9.869263522559164,0.0
7013,m12,0,0,77908,0.0156538391425414,2.731380852319068,0.001
7013,m12,1,0,5725,0.0695231756548342,9.36604528904077,0.0
7013,m12,2,3,7855,0.0692131961966598,15.56121442289736,0.0
7013,m12,4,5,24870,0.2390805176236037,27.537971715311187,0.001
7013,m12,5,5,80003,0.0119654463135959,14.26770726280659,0.0
7013,m12,7,6,35669,0.0069298270598903,3.984576405630324,0.005
7013,m12,8,4,41963,0.1187511830228835,38.78213350316066,0.0
7013,m12,10,9,19945,0.0110638808039989,11.7007540014919,0.0
7013,m12,11,10,122604,0.0148379264769695,11.00427074551532,0.0
7013,m12,12,11,36439,0.0995556965840604,3.2903040563144565,0.0
7013,m12,13,14,10705,0.0089472686174199,4.86096475555996,0.0
7013,m12,14,15,53519,0.0063698528864334,9.90085167728162,0.002
7013,m12,15,12,10402,0.0110981273508062,4.182215725550292,0.001
7013,m12,16,13,14976,0.013792177329024,6.391512593639687,0.0
7013,m12,17,12,14317,0.0148850815766654,4.632311979740054,0.0
7013,m12,18,15,10525,0.0102129223222439,3.4712688356067565,0.005
7013,m12,20,19,114140,0.0053405453357538,14.279657442058287,0.001
7013,m12,21,18,114586,0.0030549621718519,11.753693062614586,0.001
7013,m12,23,17,126050,0.0090211483487974,9.909050584218567,0.0
7013,m12,24,21,92878,0.0053375204150166,10.217745941683145,0.001
7013,m12,25,23,68698,0.0087137038606541,2.409822326481516,0.047
7013,m12,26,21,36323,0.0045476658987113,4.024830320248196,0.003
7013,m12,27,20,82389,0.0030283443666938,0.1809754478824803,0.318
7013,m12,28,22,80557,0.0026939182871237,2.6380989788908864,0.01
7013,m12,29,22,172917,0.005616894150249,3.44760698458796,0.002
7013,m12,30,26,175316,0.0080647084379346,12.142756685889232,0.0
7013,m12,31,27,134541,0.0070287853902878,1.5228871623323583,0.077
7013,m12,32,26,22819,0.0056605777159924,2.433497473147274,0.02
7013,m12,33,25,60097,0.006370873391378,5.998683836911706,0.001
7013,m12,34,27,59368,0.0024781861286589,5.364521063507941,0.0
7013,m12,35,27,56885,0.0057697544365289,7.550874645193865,0.0
7013,m12,36,25,77873,0.0037857946056942,2.2856409009358853,0.033
7013,m12,37,24,75998,0.002919465233895,0.567657217424977,0.245
7013,m12,38,31,100880,0.0082404069806658,5.273282275137067,0.001
7013,m12,39,29,119102,0.0055218692147035,8.006224575715711,0.001
7013,m12,40,28,48089,0.0027243057866623,7.1713289148787664,0.0
7013,m12,41,29,68104,0.0042071422451184,5.573275729619042,0.0
7013,m12,42,30,88832,0.0048841706477545,5.039900758099827,0.002
7013,m12,43,30,63469,0.0055500312114755,8.306682892670041,0.0
7013,m13,0,3,12410,0.0331091348808828,24.692465517685488,0.0
7013,m13,1,3,40515,0.02265504728771,34.40733055744121,0.0
7013,m13,2,2,40130,0.0073148195863223,15.552203543932546,0.0
7013,m13,4,0,76900,0.0115275044305504,21.960734000465347,0.0
7013,m13,5,5,30301,0.1868938511087843,90.8329891629739,0.0
7013,m13,7,4,33507,0.2461236808504186,26.42112837216099,0.001
7013,m13,8,5,84324,0.0069284512510136,7.219910542786861,0.0
7013,m13,9,10,49569,0.0148156748276233,6.5106652778501335,0.0
7013,m13,10,11,20271,0.0191037916378479,1.3561441224793804,0.098
7013,m13,11,10,44035,0.0134929633024305,9.37234523665181,0.0
7013,m13,12,9,27827,0.0109018379495826,6.536629335056628,0.0
7013,m13,13,14,23579,0.0060114105028344,6.815499739720061,0.0
7013,m13,14,12,21266,0.0237043531804487,23.243139730484195,0.0
7013,m13,15,13,45765,0.0125339716840296,10.604982177904686,0.0
7013,m13,18,14,9656,0.010989367870793,5.586322358757127,0.0
7013,m13,20,17,73819,0.0069910568810414,12.689241149979324,0.001
7013,m13,21,18,95581,0.0044046540642229,11.290051251089508,0.0
7013,m13,22,19,123499,0.0079968383442505,7.811051571001191,0.0
7013,m13,23,16,68994,0.0131516499155374,6.491937452457953,0.001
7013,m13,24,16,47947,0.0097782821553257,12.551599828271,0.0
7013,m13,26,22,76577,0.0020708885841827,1.2637333545837564,0.116
7013,m13,27,21,21989,0.0076555332205866,6.222265685318914,0.001
7013,m13,28,20,85586,0.003348581120409,3.5543526428614944,0.0
7013,m13,29,23,72242,0.0047962203018357,1.44557264073303,0.092
7013,m13,30,21,93028,0.0084960944751616,3.4245496445096406,0.001
7013,m13,31,22,219823,0.0066394590806992,18.22051154655077,0.0
7013,m13,32,27,126272,0.012887341873446,4.245347296731379,0.0
7013,m13,33,24,57691,0.0036314678253115,7.217785613859723,0.0
7013,m13,34,25,53152,0.0027371480627234,4.68337851009546,0.001
7013,m13,35,24,40556,0.0133947259280838,5.4060632020140105,0.003
7013,m13,36,26,174602,0.0049809104682599,7.865349681535279,0.001
7013,m13,37,27,63425,0.0083638862080983,23.36752401262764,0.0
7013,m13,38,27,54936,0.0017186134580412,3.914498248969826,0.001
7013,m13,39,26,15636,0.0070007453695355,3.2892503901459924,0.003
7013,m13,40,25,77582,0.0022780915945813,1.040067450155125,0.159
7013,m13,41,30,95786,0.0045790906308225,6.637937054660318,0.0
7013,m13,42,30,51090,0.0195595430111303,9.15840582701807,0.001
7013,m13,43,31,21033,0.0183510733176593,8.991250294767543,0.002
7013,m13,44,29,75381,0.0022869570671403,8.946048299941111,0.0
7013,m13,45,28,59804,0.0074841408293996,17.596477221075386,0.001
7013,m13,46,28,50764,0.0128722765710657,9.021973270215934,0.001
7013,m13,47,29,96298,0.0021354918113444,3.9312408180152105,0.001
7013,m13,49,31,117581,0.005710028461484,9.56420294611962,0.001
7013,m14,0,0,67235,0.0046604404188831,1.4253541135601695,0.089
7013,m14,1,3,53887,0.0095038901744482,7.521748601071897,0.001
7013,m14,3,4,22865,0.1782431233631926,12.619096892110926,0.0
7013,m14,4,4,57778,0.0144555733370108,4.575811003914749,0.0
7013,m14,5,5,18063,0.0268500399145548,3.3529494634237937,0.004
7013,m14,6,5,9283,0.0229910237371235,2.117351854715388,0.008
7013,m14,9,5,57175,0.0263625842146437,19.61688305911328,0.0
7013,m14,10,9,53052,0.009256997421877,-0.6147880810129678,0.68
7013,m14,11,11,56969,0.016142291561521,8.978730927431053,0.001
7013,m14,12,10,162769,0.0033471696452186,9.600226703161397,0.0
7013,m14,13,13,67225,0.0074167049899002,17.54852164013956,0.0
7013,m14,14,12,23267,0.0133157640099578,6.899249300663422,0.003
7013,m14,15,13,7205,0.0296726753427278,6.237033105908536,0.0
7013,m14,16,14,30493,0.0090089323577344,10.485849914088105,0.0
7013,m14,17,15,46528,0.0054565184682558,6.7680566060433005,0.0
7013,m14,18,15,18411,0.0077543566433282,0.4395683685090433,0.265
7013,m14,20,18,16733,0.0070240248064389,2.6925542609489463,0.01
7013,m14,21,18,39761,0.0110822332140712,4.8903205050193845,0.001
7013,m14,22,17,65643,0.0096293097117317,3.71194717338262,0.002
7013,m14,23,16,70043,0.0083255524609843,2.2191619448058484,0.004
7013,m14,25,23,92869,0.0020348557342637,-0.1619572794743082,0.507
7013,m14,26,22,24254,0.0026036302303352,0.733949603105181,0.22
7013,m14,27,20,42841,0.0052107341276079,0.490804252322791,0.355
7013,m14,28,21,27310,0.0292344590222094,15.25030671947315,0.001
7013,m14,29,22,148885,0.0038597429391262,1.489930077145886,0.096
7013,m14,30,24,39424,0.0036916484458479,2.9871678527519614,0.001
7013,m14,31,21,145266,0.0015010324090007,1.34774008600155,0.118
7013,m14,33,26,21161,0.0086146341505639,2.7642221931792186,0.003
7013,m14,34,26,204364,0.0039348762461645,3.1637470781806267,0.002
7013,m14,35,24,45226,0.0067329133227454,2.452268207023341,0.02
7013,m14,36,27,44498,0.0019509276128265,3.966634528714356,0.005
7013,m14,37,27,132586,0.0042174757159605,1.5741610514896989,0.077
7013,m14,38,24,93742,0.0101011257768714,2.6112793021592835,0.0
7013,m14,39,29,121131,0.000871467217171,0.8785657469209955,0.133
7013,m14,40,29,24480,0.0112029034845487,0.6830831805369143,0.308
7013,m14,41,29,61823,0.0016997794455735,3.2564073966202924,0.002
7013,m14,42,31,83902,0.0143760382724909,3.2427100068331427,0.002
7013,m14,43,28,54375,0.0022992440708106,6.2098568005965245,0.001
7013,m14,45,30,117894,0.0035869480748631,1.1929405545275338,0.043
7013,m14,46,28,51191,0.0252458209285715,3.781736703963594,0.0
7013,m15,0,2,7489,0.0226844739683362,1.1916950416981145,0.131
7013,m15,1,1,25958,0.0309189826583824,2.7322661470553227,0.006
7013,m15,2,0,91023,0.0144733558395113,28.425121323542253,0.0
7013,m15,3,2,67827,0.0109713418004882,2.154752386800604,0.02
7013,m15,4,0,99627,0.0237430344483994,3.0200625136703074,0.002
7013,m15,6,4,101625,0.0221557519512246,25.49893838061392,0.0
7013,m15,8,5,44046,0.0456205012539482,35.21695322817843,0.0
7013,m15,10,10,176739,0.0059306387065057,6.392549601800497,0.0
7013,m15,11,10,17391,0.012078542713401,7.594896100767668,0.0
7013,m15,12,8,19107,0.0112711454404303,4.483513027724478,0.0
7013,m15,13,9,19618,0.0230176671267087,1.3769559830568403,0.11
7013,m15,14,9,16720,0.0377354003492829,1.1152116842707236,0.167
7013,m15,16,11,52216,0.016637312346104,2.2174036620821544,0.022
7013,m15,17,15,95109,0.0064837167790085,7.495534887760207,0.0
7013,m15,18,12,42629,0.0202063492195747,1.5253569528358988,0.083
7013,m15,19,14,29095,0.0104349454025956,10.43349811492395,0.0
7013,m15,20,13,35883,0.016440433157717,8.055749183223552,0.0
7013,m15,22,18,41912,0.012692285304612,14.424758828248276,0.001
7013,m15,23,16,78350,0.0072305224034364,8.196744415982245,0.001
7013,m15,24,16,49156,0.0047559882865755,5.362197947687104,0.002
7013,m15,25,17,109056,0.008088500008,19.11522488273704,0.0
7013,m15,28,22,70511,0.0027818372541144,12.2824065750077,0.0
7013,m15,29,20,44680,0.0073559386695666,1.7400091408441412,0.076
7013,m15,31,21,65556,0.0035052356451926,3.758070977334033,0.002
7013,m15,32,22,126655,0.0018108234736442,4.761357700025047,0.0
7013,m15,33,23,48444,0.0075759780973512,4.171127477503037,0.002
7013,m15,34,26,210200,0.0085352418569264,15.501229266669098,0.0
7013,m15,35,26,27002,0.0150004591554575,9.631979705774205,0.001
7013,m15,36,24,57677,0.00428343211589,0.7057784744786805,0.259
7013,m15,37,27,138403,0.0063984651616007,7.205774921603701,0.002
7013,m15,38,27,52349,0.0028098430062346,7.638142076082715,0.0
7013,m15,41,29,72355,0.0023005865093399,5.26260562718177,0.001
7013,m15,43,31,80881,0.0077905205428889,10.484467092213094,0.0
7013,m15,44,28,59298,0.0044990072488916,14.723898245215262,0.0
7013,m15,45,28,47976,0.0079417392670944,12.333331754489748,0.0
7013,m15,49,29,95780,0.0076761672488363,6.359562190580311,0.001
7013,m15,50,30,103102,0.010036710358287,19.6994866257803,0.0
7013,m16,0,0,102912,0.0149399873202589,22.045209721106183,0.001
7013,m16,4,4,43421,0.0068186369763253,8.995864756092915,0.0
7013,m16,5,5,21783,0.1064498936749768,86.02165964277157,0.0
7013,m16,7,9,72463,0.0337729002804509,8.999644930865637,0.0
7013,m16,8,10,14969,0.0099692822689827,9.79650500322789,0.0
7013,m16,9,11,41440,0.0127107339667781,8.401873234779753,0.0
7013,m16,10,10,125440,0.0062086680098944,19.00674905233416,0.0
7013,m16,11,11,56003,0.0274674286660781,8.267931337111307,0.0
7013,m16,12,10,65523,0.0037802591212729,4.012155001590029,0.004
7013,m16,13,9,27633,0.0133543045931066,2.662197190800147,0.004
7013,m16,16,14,22898,0.00756120446744,8.751487572580698,0.0
7013,m16,17,15,90864,0.0039917684498484,2.2197074722159664,0.01
7013,m16,18,14,65024,0.0104370480482459,18.644692276929405,0.0
7013,m16,20,12,27574,0.0086953825334224,10.495904732872017,0.0
7013,m16,21,13,18989,0.0066609209892783,4.302044798588984,0.001
7013,m16,22,12,30674,0.0183506456669288,8.834256465039319,0.0
7013,m16,23,15,66820,0.0031911157197167,9.344865647152185,0.0
7013,m16,24,17,109386,0.0030738870353172,8.888441676330302,0.0
7013,m16,25,18,138432,0.0031172722481743,14.370026386869032,0.0
7013,m16,27,16,90637,0.004349210265756,5.907811792983896,0.002
7013,m16,29,20,63215,0.0021244088143613,2.6633504049542016,0.008
7013,m16,31,21,23483,0.0097048071562292,10.797144556031052,0.001
7013,m16,32,24,42056,0.0031993560642598,3.390851145428688,0.005
7013,m16,33,23,37390,0.0122804603289189,5.436623234612405,0.0
7013,m16,34,22,98917,0.0038223263220646,8.069543732735431,0.0
7013,m16,35,21,58447,0.0033256190911944,6.825069550368952,0.0
7013,m16,36,22,82842,0.0026824294244505,9.158910430223234,0.0
7013,m16,38,26,28465,0.009374539449325,4.793415393042787,0.0
7013,m16,39,27,112897,0.0035784242430196,1.8637910987889248,0.034
7013,m16,40,25,63925,0.0044667862031911,4.172067600116498,0.001
7013,m16,41,27,81236,0.0021017203379488,3.2229447828254125,0.0
7013,m16,42,26,219183,0.0052966381783892,8.880826253252344,0.0
7013,m16,43,25,92845,0.0050918088603324,5.482780373217202,0.001
7013,m16,44,30,90287,0.0066123045544191,19.39464018118145,0.001
7013,m16,45,28,65598,0.0029471244098626,7.094633920442584,0.001
7013,m16,47,28,71677,0.0097739938842348,6.347215390561164,0.0
7013,m16,48,30,41102,0.0126976703717763,4.35578306902227,0.0
7013,m16,49,29,54862,0.0071220346104707,3.0910942734743423,0.0
7013,m16,50,29,87528,0.0029078610861904,12.479447143654118,0.0
7013,m16,51,31,135613,0.0060856616388395,4.0728408495851465,0.0
7013,m17,0,0,51042,0.0090366970636001,2.353578814281787,0.023
7013,m17,1,0,26764,0.0770818931110901,19.09318867885888,0.0
7013,m17,2,1,46066,0.0110167819130467,1.8875495221109329,0.024
7013,m17,3,3,49606,0.0093488560225467,1.0443496422619312,0.129
7013,m17,6,5,13705,0.0131682828504382,4.82825344556294,0.001
7013,m17,7,4,9044,0.0192169761395683,0.211230380883021,0.356
7013,m17,8,4,13496,0.0075327224864772,2.069091851593553,0.024
7013,m17,15,9,27313,0.0255689746740919,2.648454070587084,0.004
7013,m17,16,10,111579,0.0042183620191997,4.942630582873769,0.0
7013,m17,17,8,28300,0.0049006228637177,4.139005020226086,0.001
7013,m17,18,8,61456,0.0140023155860804,19.86346333378812,0.0
7013,m17,19,11,12017,0.0425060898360908,1.1287096876425236,0.137
7013,m17,20,10,31573,0.0109445093023691,9.123923777258334,0.0
7013,m17,21,8,4161,0.8861698652921854,24.40873613637929,0.0
7013,m17,22,11,9672,0.0224862644416579,0.153687143827036,0.427
7013,m17,23,10,70028,0.0029712603734194,2.39387066238891,0.016
7013,m17,24,11,91686,0.0116190393164162,19.11359989564052,0.0
7013,m17,25,13,5202,0.0341597407056882,8.574552958150637,0.0
7013,m17,26,15,60442,0.0056741680666255,11.370846598689408,0.0
7013,m17,28,12,30334,0.0152493275536573,8.56398826932253,0.0
7013,m17,29,14,38591,0.012062148284728,13.028204784291372,0.0
7013,m17,30,15,78547,0.0057251824920818,11.594728410294923,0.001
7013,m17,31,12,16370,0.0161685050065136,6.595562306914955,0.0
7013,m17,32,15,62073,0.0044171434675337,12.412960615348608,0.0
7013,m17,33,12,10294,0.0199829837536655,4.624757343881488,0.001
7013,m17,35,13,26255,0.0055485382767989,4.550388512600813,0.001
7013,m17,36,18,27647,0.0046126637329117,3.9800372114641,0.0
7013,m17,37,16,85792,0.0039474836769463,10.620750422147454,0.0
7013,m17,38,16,29083,0.0057885212982159,4.822700033896682,0.002
7013,m17,39,18,139545,0.0013840257334613,3.9769690695142974,0.004
7013,m17,40,17,101914,0.0031964069791259,6.490664381528555,0.002
7013,m17,44,20,52511,0.0018549347001532,0.3612787323092813,0.376
7013,m17,45,21,101188,0.0024605813906879,2.400179811918319,0.014
7013,m17,46,23,32114,0.0074820862291572,2.3255057095519907,0.023
7013,m17,47,22,50686,0.0025988315160496,5.579554423024882,0.0
7013,m17,48,22,79738,0.0057826746825145,1.5008159757519468,0.078
7013,m17,50,27,68363,0.001642716307926,3.520877697897607,0.001
7013,m17,51,26,15534,0.0105822336402749,4.644229421781049,0.0
7013,m17,52,24,27350,0.0039905206954025,1.267736367073853,0.106
7013,m17,53,24,78462,0.0021171714552756,1.789700694919536,0.045
7013,m17,54,25,40786,0.0053189869220721,4.169198660932588,0.0
7013,m17,55,27,145935,0.0038002779697725,7.672368495967071,0.0
7013,m17,56,26,209122,0.0028654268654513,4.1259135130677205,0.0
7013,m17,57,29,100884,0.0021539304318063,2.7564368850204843,0.011
7013,m17,58,28,59123,0.0033870175515626,5.175497529721358,0.002
7013,m17,59,28,57602,0.0035969996598824,5.615571672117008,0.0
7013,m17,61,29,68583,0.0020632195784531,1.5202807052334657,0.08
7013,m17,63,31,96211,0.0012139504385786,1.1263109575377548,0.134
7013,m17,64,30,101135,0.0017854481566936,3.1114075891983246,0.005
7013,m18,3,0,5398,0.0629802138509916,8.831765975961456,0.0
7013,m18,4,3,62042,0.0054921974472067,0.2414837733102627,0.385
7013,m18,6,3,20123,0.0887024664635797,8.174273706598534,0.001
7013,m18,9,0,80724,0.0086693707744886,7.232196659287272,0.0
7013,m18,10,5,15661,0.0304896481406884,9.95321401280169,0.0
7013,m18,11,4,13923,0.0108067984833513,4.022454626271568,0.001
7013,m18,12,4,16915,0.0111723566580805,5.856207828252251,0.0
7013,m18,18,8,90790,0.0077370830298615,9.835238500237882,0.0
7013,m18,19,11,87538,0.0100033398962104,15.43964272982885,0.0
7013,m18,20,9,30998,0.011479590393724,0.0435886808682701,0.429
7013,m18,21,10,107693,0.0045453727232497,1.4034075422810297,0.092
7013,m18,22,10,73415,0.0034653953777994,3.194415328885032,0.002
7013,m18,23,10,8389,0.0395335289074784,1.112577461191418,0.14
7013,m18,24,11,17821,0.0070481702356672,1.456715735599094,0.074
7013,m18,25,11,32008,0.0076238728358717,3.2615926879794,0.003
7013,m18,27,13,43924,0.0048722086345826,7.817483401431148,0.0
7013,m18,28,14,30465,0.0103385556840344,9.645267565398788,0.0
7013,m18,29,12,7631,0.0156367135436312,4.594855566071052,0.0
7013,m18,30,15,126620,0.0030822950907065,1.563641897610402,0.065
7013,m18,31,12,50565,0.0400324321704931,22.85667699702025,0.0
7013,m18,32,14,39092,0.0109261160919035,9.009729106383514,0.0
7013,m18,33,17,90576,0.0028214077800013,1.2147234366139157,0.097
7013,m18,34,18,79113,0.002729052867021,3.028981817289272,0.014
7013,m18,35,19,29617,0.0286387747367104,0.1817859184468351,0.297
7013,m18,36,16,135218,0.0025354025437084,3.2508240550459786,0.004
7013,m18,37,19,147056,0.0050202845591355,1.2766188783207038,0.092
7013,m18,38,20,39047,0.0074336775308445,7.209621387640106,0.0
7013,m18,39,23,35043,0.0057871968611137,1.7822918513052723,0.044
7013,m18,40,21,53048,0.0026136032132377,3.0872282811739664,0.004
7013,m18,41,21,163647,0.0024132599587826,5.66891578444176,0.0
7013,m18,42,23,9434,0.0139707396129224,4.962597637841848,0.0
7013,m18,43,22,79642,0.003388000341616,6.3735942474959,0.0
7013,m18,44,25,32512,0.0036009383775891,1.1674792906005598,0.137
7013,m18,45,24,50192,0.0045154843061322,3.856855059030185,0.001
7013,m18,46,24,39926,0.0052878597586381,3.615697027348403,0.002
7013,m18,47,27,75670,0.0009737327403635,2.5872400231814883,0.013
7013,m18,48,27,162949,0.0009606450915124,1.7154006490359526,0.051
7013,m18,49,25,47014,0.0056510877509562,1.8812595843710656,0.043
7013,m18,50,26,271532,0.0028713455478641,9.692201810859023,0.0
7013,m18,51,30,61439,0.0017671919102396,5.617621938937477,0.0
7013,m18,52,29,81078,0.0015673413794662,2.133577752738106,0.024
7013,m18,53,30,19988,0.0116227778730239,1.2158435677367,0.134
7013,m18,54,29,91898,0.0015973466937666,0.2393637636083913,0.384
7013,m18,55,28,68479,0.0044580746435289,5.6626746894328415,0.001
7013,m18,57,30,106255,0.0030402570586671,2.568425635203155,0.016
7013,m18,59,31,128531,0.0034890601308775,5.736019161398685,0.004
7013,m19,0,1,48294,0.006702253791414207,8.999081519269433,0.0
7013,m19,1,3,12475,0.05015603801620622,12.878056077338508,0.0
7013,m19,2,3,73130,0.004391902699055185,3.053912614595414,0.005
7013,m19,5,0,87133,0.01068293890449936,2.0168852354154025,0.039
7013,m19,7,4,47809,0.009860503147398638,12.269087664135158,0.0
7013,m19,8,4,6819,0.0362266705717664,16.397823418266995,0.0
7013,m19,9,6,14247,0.008964360357222784,3.1779183022572712,0.005
7013,m19,11,5,15319,0.0563658679567338,12.885652797944676,0.0
7013,m19,14,10,111321,0.004124928974461204,0.3748754439924411,0.31
7013,m19,15,11,70449,0.011458438503875925,21.540702014001866,0.0
7013,m19,16,10,64784,0.004298615567471246,4.908143890081377,0.0
7013,m19,17,11,31855,0.012640091679577468,3.846652110050556,0.002
7013,m19,18,9,57862,0.008076453696111758,2.7714692072524096,0.016
7013,m19,19,8,101620,0.007048629938059078,15.445462521038438,0.001
7013,m19,20,12,7276,0.047479102466162604,21.257725364918386,0.0
7013,m19,21,12,54526,0.0074694152790205585,15.189203997144629,0.0
7013,m19,22,14,10627,0.008688335351372294,3.1726990329153457,0.005
7013,m19,23,14,59834,0.008387669961156545,12.93015008816124,0.001
7013,m19,24,13,41705,0.005738729023060105,2.6032824236864194,0.014
7013,m19,25,15,189161,0.0024006860876496635,12.877895711102987,0.0
7013,m19,27,19,26846,0.004625052367813039,3.21329689946544,0.003
7013,m19,28,17,40780,0.005158860261461924,6.736064708246249,0.001
7013,m19,29,17,69556,0.0035960819980885156,6.822786494478942,0.0
7013,m19,30,16,97582,0.003949333565965449,10.91155158273429,0.002
7013,m19,31,19,38252,0.0048229219776686864,7.807354082566266,0.001
7013,m19,32,18,133449,0.0015581980042402954,9.377035429418061,0.0
7013,m19,33,22,45606,0.003091025464720533,4.518043149399643,0.0
7013,m19,34,23,39089,0.005019889763750333,2.07696645055745,0.033
7013,m19,35,21,41346,0.0023283539433641216,2.8057668844562573,0.006
7013,m19,37,20,47478,0.007244443008916708,3.2417055146892078,0.011
7013,m19,38,22,83928,0.005529631387748823,5.910819354942599,0.0
7013,m19,39,21,197797,0.0011827420101335221,9.238447557821248,0.0
7013,m19,40,25,60511,0.0028991355688588096,7.330423803112898,0.0
7013,m19,41,24,40669,0.0028412684041013605,3.056405025372753,0.002
7013,m19,42,26,71464,0.009355224982281316,1.8766047885462904,0.033
7013,m19,43,25,46005,0.00349288529927398,4.370331554856293,0.0
7013,m19,44,24,38388,0.0036140950958959976,2.70524847527412,0.009
7013,m19,45,27,62656,0.0009492693766213665,0.023209842342920606,0.448
7013,m19,46,27,170537,0.0016803706088644448,8.358219034100804,0.001
7013,m19,47,26,221122,0.0029063621912795395,8.025698269205654,0.001
7013,m19,49,28,65448,0.0019202825413659802,3.4643440718615284,0.003
7013,m19,50,31,72834,0.0018178635226807616,6.762827526913433,0.0
7013,m19,51,31,69154,0.005130895412759693,7.39014970565198,0.0
7013,m19,52,30,44270,0.0101262880265593,19.51688134608097,0.0
7013,m19,53,31,19570,0.025931733678472638,27.226429897593782,0.0
7013,m19,54,28,51384,0.0028915349495419276,3.3735438397486543,0.008
7013,m19,55,29,66063,0.0027042624800018155,2.5690913774205426,0.008
7013,m19,56,29,76744,0.001521094266177279,3.0411948480996878,0.004
7013,m19,57,30,94537,0.001223428699966184,3.050992771671066,0.004
